OCC|Date exportation|Pays d'exportation|Quantite|PU|PT|EQ DT|EQ EU|Devise|Produit
ecocert|2024-10-01|Portugal|10000.0|4.0|40000|134400.0|40000.0|1.0|Poudre de dattes
ecocert|2024-10-01|Allemagne|2160.0|4.0|8640|29030.4|8640.0|1.0|Dattes Dénoyautées
ecocert|2024-10-01|Allemagne|1215.0|4.0|4860|16329.6|4860.0|1.0|Dattes Dénoyautées
ecocert|2024-10-01|Allemagne|10260.0|4.0|41040|137894.4|41040.0|1.0|Dattes Dénoyautées
ecocert|2024-10-01|Allemagne|1080.0|4.0|4320|14515.2|4320.0|1.0|Dattes Dénoyautées
ecocert|2024-10-03|France|20000.0|4.0|80000|269600.0|80000.0|1.0|Dattes Dénoyautées
ecocert|2024-10-04|Allemagne|20000.0|4.0|80000|268800.0|80000.0|1.0|Dattes Dénoyautées
ecocert|2024-10-07|Portugal|10000.0|4.0|40000|134000.0|40000.0|1.0|Poudre de dattes
ecocert|2024-10-08|Suisse|20880.0|4.0|83520|279792.0|83520.0|1.0|Dattes Dénoyautées
ecocert|2024-10-08|Danemark|10375.2|4.0|41500.8|139027.68|41500.8|1.0|Dattes Dénoyautées
ecocert|2024-10-08|Suisse|20880.0|4.0|83520|279792.0|83520.0|1.0|dattes standards
ecocert|2024-10-09|Espagne|4480.0|4.0|17920|60032.0|17920.0|1.0|pâte de datte
ecocert|2024-10-10|Autriche|16896.0|4.0|67584|227082.24|67584.0|1.0|Dattes Dénoyautées
ecocert|2024-10-10|Allemagne|1440.0|4.0|5760|19353.6|5760.0|1.0|Dattes Dénoyautées
ecocert|2024-10-10|Allemagne|1620.0|4.0|6480|21772.8|6480.0|1.0|Dattes Dénoyautées
ecocert|2024-10-10|Allemagne|864.0|4.0|3456|11612.16|3456.0|1.0|Dattes Dénoyautées
ecocert|2024-10-10|Allemagne|3456.0|4.0|13824|46448.64|13824.0|1.0|Dattes Dénoyautées
ecocert|2024-10-10|Autriche|16896.0|4.0|67584|227082.24|67584.0|1.0|dattes standards
ecocert|2024-10-10|Allemagne|9720.0|4.0|38880|130636.8|38880.0|1.0|Dattes Dénoyautées
ecocert|2024-10-10|Allemagne|1440.0|4.0|5760|19353.6|5760.0|1.0|pâte de datte
ecocert|2024-10-10|Allemagne|1620.0|4.0|6480|21772.8|6480.0|1.0|Poudre de dattes
ecocert|2024-10-10|Allemagne|864.0|4.0|3456|11612.16|3456.0|1.0|dattes conditionnées
ecocert|2024-10-10|Allemagne|3456.0|4.0|13824|46448.64|13824.0|1.0|dattes conditionnées
ecocert|2024-10-11|Autriche|6528.0|4.0|26112|87475.2|26112.0|1.0|Dattes Dénoyautées
ecocert|2024-10-11|Suisse|4980.0|4.0|19920|66732.0|19920.0|1.0|Dattes Dénoyautées
ecocert|2024-10-11|Autriche|6528.0|4.0|26112|87475.2|26112.0|1.0|dattes standards
ecocert|2024-10-11|Pologne|21600.0|4.0|86400|289440.0|86400.0|1.0|Dattes Dénoyautées
ecocert|2024-10-11|France|1680.0|4.0|6720|22512.0|6720.0|1.0|Dattes Branchées
ecocert|2024-10-11|France|3200.0|4.0|12800|42880.0|12800.0|1.0|dattes conditionnées
ecocert|2024-10-11|France|5346.0|4.0|21384|71636.40000000001|21384.0|1.0|dattes conditionnées
ecocert|2024-10-11|France|3402.0|4.0|13608|45586.8|13608.0|1.0|dattes conditionnées
ecocert|2024-10-11|France|1600.0|4.0|6400|21440.0|6400.0|1.0|Dattes Dénoyautées
ecocert|2024-10-11|France|640.0|4.0|2560|8576.0|2560.0|1.0|Dattes découpées
ecocert|2024-10-11|France|1728.0|4.0|6912|23155.2|6912.0|1.0|pâte de datte
ecocert|2024-10-11|France|832.0|4.0|3328|11148.8|3328.0|1.0|pâte de datte
ecocert|2024-10-14|France|1920.0|4.0|7680|25728.0|7680.0|1.0|Dattes Dénoyautées
ecocert|2024-10-14|France|3240.0|4.0|12960|43416.0|12960.0|1.0|dattes conditionnées
ecocert|2024-10-14|France|4320.0|4.0|17280|57888.0|17280.0|1.0|dattes conditionnées
ecocert|2024-10-14|France|2160.0|4.0|8640|28944.0|8640.0|1.0|dattes standards
ecocert|2024-10-14|France|1440.0|4.0|5760|19296.0|5760.0|1.0|pâte de datte
ecocert|2024-10-14|France|600.0|4.0|2400|8040.0|2400.0|1.0|Dattes découpées
ecocert|2024-10-15|Danemark|5760.0|4.0|23040|76953.59999999999|23040.0|1.0|Dattes Dénoyautées
ecocert|2024-10-15|Suisse|20520.0|4.0|82080|274147.2|82080.0|1.0|Dattes Dénoyautées
ecocert|2024-10-15|France|2160.0|4.0|8640|28857.6|8640.0|1.0|pâte de datte
ecocert|2024-10-16|France|1440.0|4.0|5760|19296.0|5760.0|1.0|Dattes Dénoyautées
ecocert|2024-10-16|France|4320.0|4.0|17280|57888.0|17280.0|1.0|Dattes Dénoyautées
ecocert|2024-10-16|France|2160.0|4.0|8640|28944.0|8640.0|1.0|dattes standards
ecocert|2024-10-16|France|1440.0|4.0|5760|19296.0|5760.0|1.0|pâte de datte
ecocert|2024-10-17|Pays-Bas|21060.0|4.0|84240|281361.6|84240.0|1.0|Dattes Dénoyautées
ecocert|2024-10-18|Belgique|24000.0|0.68|16320|54508.8|16320.000000000002|1.0|dattes industruelles
ecocert|2024-10-18|Espagne|1000.0|4.0|4000|13360.0|4000.0|1.0|pâte de datte
ecocert|2024-10-18|Allemagne|960.0|4.0|3840|12825.6|3840.0|1.0|dattes conditionnées
ecocert|2024-10-18|Allemagne|1440.0|4.0|5760|19238.4|5760.0|1.0|pâte de datte
ecocert|2024-10-18|Allemagne|1728.0|4.0|6912|23086.08|6912.0|1.0|Dattes Dénoyautées
ecocert|2024-10-18|Allemagne|1296.0|4.0|5184|17314.56|5184.0|1.0|Dattes Dénoyautées
ecocert|2024-10-18|Allemagne|9720.0|4.0|38880|129859.2|38880.0|1.0|Dattes Dénoyautées
ecocert|2024-10-18|Allemagne|810.0|4.0|3240|10821.6|3240.0|1.0|Dattes Dénoyautées
ecocert|2024-10-18|Allemagne|1080.0|4.0|4320|14428.8|4320.0|1.0|Dattes Dénoyautées
ecocert|2024-10-21|Belgique|21600.0|0.8|17280|57715.2|17280.0|1.0|dattes industruelles
ecocert|2024-10-24|Suisse|20000.0|4.0|80000|268000.0|80000.0|1.0|Dattes Dénoyautées
ecocert|2024-10-24|France|4320.0|4.0|17280|57888.0|17280.0|1.0|Dattes Dénoyautées
ecocert|2024-10-24|France|1440.0|4.0|5760|19296.0|5760.0|1.0|dattes conditionnées
ecocert|2024-10-24|France|5616.0|4.0|22464|75254.40000000001|22464.0|1.0|dattes conditionnées
ecocert|2024-10-24|France|2160.0|4.0|8640|28944.0|8640.0|1.0|dattes standards
ecocert|2024-10-24|France|720.0|4.0|2880|9648.0|2880.0|1.0|pâte de datte
ecocert|2024-10-24|France|1440.0|4.0|5760|19296.0|5760.0|1.0|pâte de datte
ecocert|2024-10-25|Autriche|16896.0|4.0|67584|225730.56|67584.0|1.0|Dattes Dénoyautées
ecocert|2024-10-25|Suisse|4928.0|4.0|19712|65838.08|19712.0|1.0|Dattes Dénoyautées
ecocert|2024-10-28|Italie|6300.0|4.0|25200|84420.0|25200.0|1.0|pâte de datte
ecocert|2024-10-28|Pays-Bas|4200.0|4.0|16800|56280.0|16800.0|1.0|Dattes Dénoyautées
ecocert|2024-10-29|Allemagne|864.0|4.0|3456|11577.6|3456.0|1.0|Dattes Dénoyautées
ecocert|2024-10-29|Allemagne|1440.0|4.0|5760|19296.0|5760.0|1.0|pâte de datte
ecocert|2024-10-29|Allemagne|3240.0|4.0|12960|43416.0|12960.0|1.0|Poudre de dattes
ecocert|2024-10-29|Allemagne|810.0|4.0|3240|10854.0|3240.0|1.0|Dattes Dénoyautées
ecocert|2024-10-29|Allemagne|10260.0|4.0|41040|137484.0|41040.0|1.0|Dattes Dénoyautées
ecocert|2024-10-31|Allemagne|1080.0|4.0|4320|14515.2|4320.0|1.0|Dattes Dénoyautées
ecocert|2024-11-01|Allemagne|4000.0|2.0|8000|26800.0|8000.0|1.0|Poudre de dattes
ecocert|2024-11-01|Autriche|16896.0|4.0|67584|226406.4|67584.0|1.0|Dattes Dénoyautées
ecocert|2024-11-01|Autriche|16896.0|4.0|67584|226406.4|67584.0|1.0|Dattes Dénoyautées
ecocert|2024-11-01|Belgique|24000.0|4.0|96000|321600.0|96000.0|1.0|Dattes Dénoyautées
ecocert|2024-11-08|Slovaquie|20790.0|4.0|83160|276922.8|83160.0|1.0|Dattes Dénoyautées
ecocert|2024-11-08|Suisse|4944.0|4.0|19776|65854.08|19776.0|1.0|Dattes Dénoyautées
ecocert|2024-11-08|Suisse|21600.0|4.0|86400|287712.0|86400.0|1.0|Dattes Dénoyautées
ecocert|2024-11-08|Autriche|16896.0|4.0|67584|225054.72|67584.0|1.0|Dattes Dénoyautées
ecocert|2024-11-08|Allemagne|16974.0|4.0|67896|226093.68|67896.0|1.0|Dattes Dénoyautées
ecocert|2024-11-15|Allemagne|864.0|4.0|3456|11473.92|3456.0|1.0|Dattes Dénoyautées
ecocert|2024-11-15|Allemagne|2592.0|4.0|10368|34421.75999999999|10368.0|1.0|Dattes Dénoyautées
ecocert|2024-11-15|Allemagne|3240.0|4.0|12960|43027.2|12960.0|1.0|Poudre de dattes
ecocert|2024-11-15|Allemagne|1080.0|4.0|4320|14342.4|4320.0|1.0|Dattes Dénoyautées
ecocert|2024-11-15|Allemagne|1215.0|4.0|4860|16135.2|4860.0|1.0|Dattes Dénoyautées
ecocert|2024-11-15|Allemagne|480.0|4.0|1920|6374.4|1920.0|1.0|Dattes Dénoyautées
ecocert|2024-11-15|Allemagne|7020.0|4.0|28080|93225.59999999999|28080.0|1.0|Dattes Dénoyautées
ecocert|2024-11-21|France|4200.0|4.0|16800|55608.0|16800.0|1.0|Dattes Branchées
ecocert|2024-11-21|France|960.0|4.0|3840|12710.4|3840.0|1.0|Dattes Dénoyautées
ecocert|2024-11-21|France|3024.0|4.0|12096|40037.76|12096.0|1.0|Dattes Dénoyautées
ecocert|2024-11-21|France|2160.0|4.0|8640|28598.4|8640.0|1.0|Dattes Dénoyautées
ecocert|2024-11-21|France|2700.0|4.0|10800|35748.0|10800.0|1.0|Dattes Dénoyautées
ecocert|2024-11-21|France|1440.0|4.0|5760|19065.6|5760.0|1.0|pâte de datte
ecocert|2024-11-21|France|1080.0|4.0|4320|14299.2|4320.0|1.0|Poudre de dattes
ecocert|2024-11-21|France|600.0|4.0|2400|7944.0|2400.0|1.0|dattes standards
ecocert|2024-11-21|France|600.0|4.0|2400|7944.0|2400.0|1.0|dattes standards
ecocert|2024-11-21|France|720.0|4.0|2880|9532.8|2880.0|1.0|dattes standards
ecocert|2024-11-22|France|4800.0|4.0|19200|63168.0|19200.0|1.0|dattes standards
ecocert|2024-11-22|France|4800.0|4.0|19200|63168.0|19200.0|1.0|dattes standards
ecocert|2024-11-22|Allemagne|810.0|4.0|3240|10659.6|3240.0|1.0|dattes standards
ecocert|2024-11-22|Allemagne|1440.0|4.0|5760|18950.4|5760.0|1.0|dattes standards
ecocert|2024-11-22|Allemagne|3240.0|4.0|12960|42638.4|12960.0|1.0|dattes standards
ecocert|2024-11-22|Allemagne|1080.0|4.0|4320|14212.8|4320.0|1.0|dattes standards
ecocert|2024-11-22|Allemagne|5400.0|4.0|21600|71064.0|21600.0|1.0|dattes standards
ecocert|2024-11-22|Allemagne|2700.0|4.0|10800|35532.0|10800.0|1.0|dattes standards
ecocert|2024-11-22|Allemagne|3240.0|4.0|12960|42638.4|12960.0|1.0|dattes standards
ecocert|2024-11-25|Suisse|20000.0|4.0|80000|264800.0|80000.0|1.0|dattes standards
ecocert|2024-11-26|Belgique|22800.0|0.5|11400|37734.0|11400.0|1.0|dattes industruelles
ecocert|2024-11-26|Autriche|16896.0|4.0|67584|223703.04|67584.0|1.0|dattes standards
ecocert|2024-11-27|Belgique|24000.0|0.5|12000|39600.0|12000.0|1.0|dattes industruelles
ecocert|2024-11-28|France|3514.0|4.617|16224.138|53864.13816|16224.138|1.0|Dattes Branchées
ecocert|2024-12-03|Allemagne|19008.0|2.95|56073.60000000001|185603.616|56073.600000000006|1.0|Dattes Dénoyautées
ecocert|2024-12-03|Allemagne|1620.0|2.95|4779|15818.49|4779.0|1.0|dattes standards
ecocert|2024-12-03|Allemagne|452.0|2.95|1333.4|4413.554|1333.4|1.0|pâte de datte
ecocert|2024-12-03|Allemagne|3240.0|2.95|9558|31636.98|9558.0|1.0|Poudre de dattes
ecocert|2024-12-03|Allemagne|1080.0|2.95|3186|10545.66|3186.0|1.0|dattes standards
ecocert|2024-12-03|Allemagne|3780.0|2.95|11151|36909.81|11151.0|1.0|dattes standards
ecocert|2024-12-03|Allemagne|3024.0|2.95|8920.800000000001|29527.84800000001|8920.800000000001|1.0|dattes standards
ecocert|2024-12-03|Allemagne|3240.0|2.95|9558|31636.98|9558.0|1.0|dattes conditionnées
ecocert|2024-12-03|France|200.0|2.95|590|1952.9|590.0|1.0|Dattes découpées
ecocert|2024-12-03|France|500.0|2.95|1475|4882.25|1475.0|1.0|Dattes Branchées
ecocert|2024-12-03|France|480.0|2.95|1416|4686.96|1416.0|1.0|Dattes Branchées
ecocert|2024-12-03|France|240.0|2.95|708|2343.48|708.0|1.0|dattes conditionnées
ecocert|2024-12-03|France|110.0|2.95|324.5|1074.095|324.5|1.0|dattes standards
ecocert|2024-12-03|France|680.0|2.95|2006|6639.860000000001|2006.0000000000002|1.0|dattes standards
ecocert|2024-12-03|France|800.0|2.95|2360|7811.6|2360.0|1.0|Dattes Dénoyautées
ecocert|2024-12-03|France|2040.0|2.95|6018|19919.58|6018.0|1.0|Dattes Dénoyautées
ecocert|2024-12-03|France|450.0|2.95|1327.5|4394.025|1327.5|1.0|Dattes Dénoyautées
ecocert|2024-12-03|France|150.0|2.95|442.5|1464.675|442.5|1.0|Dattes Dénoyautées
ecocert|2024-12-03|France|540.0|2.95|1593|5272.83|1593.0|1.0|dattes conditionnées
ecocert|2024-12-03|France|450.0|2.95|1327.5|4394.025|1327.5|1.0|dattes conditionnées
ecocert|2024-12-03|France|150.0|2.95|442.5|1464.675|442.5|1.0|Dattes Dénoyautées
ecocert|2024-12-03|France|280.0|3.1|868|2873.08|868.0|1.0|pâte de datte
ecocert|2024-12-03|France|300.0|3.1|930|3078.3|930.0|1.0|pâte de datte
ecocert|2024-12-03|France|1600.0|3.1|4960|16417.6|4960.0|1.0|pâte de datte
ecocert|2024-12-03|France|1360.0|3.0|4080|13504.8|4080.0|1.0|Dattes Branchées
ecocert|2024-12-03|France|2040.0|3.0|6120|20257.2|6120.0|1.0|Dattes Dénoyautées
ecocert|2024-12-03|France|4760.0|3.0|14280|47266.8|14280.0|1.0|dattes standards
ecocert|2024-12-05|France|1200.0|3.0|3600|11916.0|3600.0|1.0|dattes conditionnées
ecocert|2024-12-05|France|960.0|3.0|2880|9532.8|2880.0|1.0|Dattes Dénoyautées
ecocert|2024-12-05|France|4320.0|3.0|12960|42897.6|12960.0|1.0|dattes conditionnées
ecocert|2024-12-05|France|3456.0|3.0|10368|34318.08|10368.0|1.0|dattes conditionnées
ecocert|2024-12-05|France|3780.0|3.0|11340|37535.4|11340.0|1.0|dattes standards
ecocert|2024-12-05|France|1440.0|3.1|4464|14775.84|4464.0|1.0|pâte de datte
ecocert|2024-12-05|France|1080.0|3.4|3672|12154.32|3672.0|1.0|Poudre de dattes
ecocert|2024-12-06|Belgique|2600.0|3.0|7800|25818.0|7800.0|1.0|Dattes Dénoyautées
ecocert|2024-12-09|Allemagne|1620.0|3.0|4860|16135.2|4860.0|1.0|dattes standards
ecocert|2024-12-09|Allemagne|452.0|3.0|1356|4501.92|1356.0|1.0|pâte de datte
ecocert|2024-12-09|Allemagne|3240.0|2.95|9558|31732.56|9558.0|1.0|Poudre de dattes
ecocert|2024-12-09|Allemagne|1215.0|3.0|3645|12101.4|3645.0|1.0|dattes standards
ecocert|2024-12-09|Allemagne|3780.0|3.0|11340|37648.8|11340.0|1.0|dattes standards
ecocert|2024-12-09|Allemagne|4860.0|3.0|14580|48405.6|14580.0|1.0|dattes standards
ecocert|2024-12-09|Allemagne|1728.0|3.0|5184|17210.88|5184.0|1.0|dattes standards
ecocert|2024-12-10|Espagne|1000.0|3.0|3000|9960.0|3000.0|1.0|dattes standards
ecocert|2024-12-10|Espagne|1000.0|3.0|3000|9960.0|3000.0|1.0|dattes standards
ecocert|2024-12-12|Autriche|17820.0|3.0|53460|176952.6|53460.0|1.0|dattes standards
ecocert|2024-12-13|Autriche|17820.0|3.0|53460|176418.0|53460.0|1.0|dattes standards
ecocert|2024-12-13|Allemagne|2160.0|3.0|6480|21384.0|6480.0|1.0|dattes standards
ecocert|2024-12-13|Allemagne|2880.0|3.0|8640|28512.0|8640.0|1.0|pâte de datte
ecocert|2024-12-13|Allemagne|3240.0|2.95|9558|31541.4|9558.0|1.0|Poudre de dattes
ecocert|2024-12-13|Allemagne|2700.0|3.0|8100|26730.0|8100.0|1.0|dattes standards
ecocert|2024-12-13|Allemagne|7020.0|3.0|21060|69498.0|21060.0|1.0|dattes standards
ecocert|2024-12-16|Suisse|1350.0|3.0|4050|13405.5|4050.0|1.0|dattes standards
ecocert|2024-12-16|Suisse|1350.0|3.0|4050|13405.5|4050.0|1.0|dattes standards
ecocert|2024-12-16|Allemagne|2160.0|3.0|6480|21448.8|6480.0|1.0|dattes standards
ecocert|2024-12-16|Allemagne|2880.0|3.0|8640|28598.4|8640.0|1.0|pâte de datte
ecocert|2024-12-16|Allemagne|3240.0|3.4|11016|36462.96|11016.0|1.0|Poudre de dattes
ecocert|2024-12-16|Allemagne|2700.0|3.0|8100|26811.0|8100.0|1.0|dattes standards
ecocert|2024-12-16|Allemagne|7020.0|3.0|21060|69708.6|21060.0|1.0|dattes standards
ecocert|2024-12-23|Suisse|20160.0|3.0|60480|199584.0|60480.0|1.0|dattes standards
ecocert|2024-12-25|France|1440.0|3.0|4320|14256.0|4320.0|1.0|Dattes Dénoyautées
ecocert|2024-12-25|France|3456.0|3.0|10368|34214.4|10368.0|1.0|dattes conditionnées
ecocert|2024-12-25|France|3888.0|3.0|11664|38491.2|11664.0|1.0|dattes conditionnées
ecocert|2024-12-25|France|3240.0|3.0|9720|32076.0|9720.0|1.0|dattes standards
ecocert|2024-12-25|France|1440.0|3.0|4320|14256.0|4320.0|1.0|pâte de datte
ecocert|2024-12-25|France|1080.0|3.0|3240|10692.0|3240.0|1.0|Poudre de dattes
ecocert|2024-12-25|France|720.0|3.0|2160|7128.0|2160.0|1.0|pâte de datte
ecocert|2024-12-25|France|600.0|3.0|1800|5940.0|1800.0|1.0|dattes standards
ecocert|2024-12-25|France|600.0|3.0|1800|5940.0|1800.0|1.0|dattes standards
ecocert|2024-12-25|Allemagne|1440.0|3.0|4320|14256.0|4320.0|1.0|dattes standards
ecocert|2024-12-25|Allemagne|2160.0|3.0|6480|21384.0|6480.0|1.0|pâte de datte
ecocert|2024-12-25|Allemagne|3240.0|3.0|9720|32076.0|9720.0|1.0|Poudre de dattes
ecocert|2024-12-25|Allemagne|432.0|3.0|1296|4276.8|1296.0|1.0|dattes conditionnées
ecocert|2024-12-25|Allemagne|864.0|3.0|2592|8553.6|2592.0|1.0|dattes standards
ecocert|2024-12-25|Allemagne|9720.0|3.0|29160|96228.0|29160.0|1.0|Dattes Dénoyautées
ecocert|2024-12-26|France|1050.0|3.0|3150|10426.5|3150.0|1.0|pâte de datte
ecocert|2024-12-27|Suisse|20880.0|3.0|62640|207964.8|62640.0|1.0|dattes standards
ecocert|2024-12-27|Allemagne|3456.0|3.0|10368|34421.75999999999|10368.0|1.0|dattes conditionnées
ecocert|2024-12-27|Allemagne|450.0|3.0|1350|4482.0|1350.0|1.0|pâte de datte
ecocert|2024-12-27|Allemagne|2700.0|2.95|7965.000000000001|26443.8|7965.000000000001|1.0|Poudre de dattes
ecocert|2024-12-27|Allemagne|8640.0|3.0|25920|86054.4|25920.0|1.0|Dattes Dénoyautées
ecocert|2024-12-27|Allemagne|960.0|3.0|2880|9561.6|2880.0|1.0|Dattes Dénoyautées
ecocert|2025-01-03|Slovaquie|7560.0|3.0|22680|74821.31999999999|22680.0|1.0|Dattes Dénoyautées
ecocert|2025-01-03|Allemagne|17920.0|3.0|53760|177354.24|53760.0|1.0|Dattes Dénoyautées
ecocert|2025-01-06|Allemagne|20000.0|3.7|74000|244496.0|74000.0|1.0|Dattes Dénoyautées
ecocert|2025-01-06|France|5184.0|3.0|15552|51383.808|15552.0|1.0|pâte de datte
ecocert|2025-01-06|Allemagne|20000.0|3.7|74000|244496.0|74000.0|1.0|Dattes Dénoyautées
ecocert|2025-01-07|Autriche|16896.0|3.0|50688|167473.152|50688.0|1.0|dattes standards
ecocert|2025-01-09|Allemagne|452.0|3.0|1356|4484.292|1356.0|1.0|pâte de datte
ecocert|2025-01-09|Allemagne|3240.0|3.0|9720|32144.04|9720.0|1.0|Poudre de dattes
ecocert|2025-01-09|Allemagne|5400.0|3.0|16200|53573.4|16200.0|1.0|dattes standards
ecocert|2025-01-09|Allemagne|7560.0|3.0|22680|75002.76|22680.0|1.0|Dattes Dénoyautées
ecocert|2025-01-09|Allemagne|864.0|3.0|2592|8571.744|2592.0|1.0|dattes conditionnées
ecocert|2025-01-09|Belgique|21600.0|1.0|21600|71431.2|21600.0|1.0|dattes industruelles
ecocert|2025-01-09|France|800.0|3.0|2400|7936.8|2400.0|1.0|Dattes Dénoyautées
ecocert|2025-01-09|France|960.0|3.0|2880|9524.16|2880.0|1.0|Dattes Dénoyautées
ecocert|2025-01-09|France|3260.16|3.0|9780.48|32344.04736|9780.48|1.0|Dattes Dénoyautées
ecocert|2025-01-09|Turquia|21060.0|3.1|63392.706|209639.678742|63392.706|0.971|Dattes Dénoyautées
ecocert|2025-01-10|France|5184.0|3.0|15552|51446.016|15552.0|1.0|pâte de datte
ecocert|2025-01-10|Espagne|660.0|3.0|1980|6549.839999999999|1980.0|1.0|Dattes Branchées
ecocert|2025-01-10|Espagne|1000.0|3.0|3000|9924.0|3000.0|1.0|Dattes Branchées
ecocert|2025-01-10|Espagne|4480.0|3.0|13440|44459.52|13440.0|1.0|pâte de datte
ecocert|2025-01-10|Espagne|3000.0|3.0|9000|29772.0|9000.0|1.0|Dattes Dénoyautées
ecocert|2025-01-10|France|2688.0|3.0|8064|26675.712|8064.0|1.0|Dattes Branchées
ecocert|2025-01-10|France|7680.0|3.0|23040|76216.31999999999|23040.0|1.0|Dattes découpées
ecocert|2025-01-10|France|2916.0|3.0|8748|28938.384|8748.0|1.0|Dattes Dénoyautées
ecocert|2025-01-10|France|3300.0|3.0|9900|32749.2|9900.0|1.0|Dattes Dénoyautées
ecocert|2025-01-10|France|1664.0|3.0|4992|16513.536|4992.0|1.0|pâte de datte
ecocert|2025-01-10|France|4000.0|3.0|12000|39696.0|12000.0|1.0|dattes conditionnées
ecocert|2025-01-10|France|3402.0|3.0|10206|33761.448|10206.0|1.0|dattes conditionnées
ecocert|2025-01-10|France|3888.0|3.0|11664|38584.512|11664.0|1.0|dattes conditionnées
ecocert|2025-01-10|France|8640.0|3.0|25920|85743.36|25920.0|1.0|pâte de datte
ecocert|2025-01-10|Pays-Bas|17600.0|3.0|52800|174662.4|52800.0|1.0|Dattes Dénoyautées
ecocert|2025-01-13|Suisse|20000.0|3.0|60000|197640.0|60000.0|1.0|Dattes Dénoyautées
ecocert|2025-01-13|Allemagne|2560.0|3.0|7680|25297.92|7680.0|1.0|Dattes Dénoyautées
ecocert|2025-01-14|France|1920.0|3.0|5760|19036.8|5760.0|1.0|Dattes Dénoyautées
ecocert|2025-01-14|France|3024.0|3.0|9072|29982.96|9072.0|1.0|dattes conditionnées
ecocert|2025-01-14|France|3456.0|3.0|10368|34266.24000000001|10368.0|1.0|dattes conditionnées
ecocert|2025-01-14|France|3780.0|3.0|11340|37478.7|11340.0|1.0|dattes standards
ecocert|2025-01-14|France|480.0|3.0|1440|4759.2|1440.0|1.0|Dattes Branchées
ecocert|2025-01-14|France|1440.0|3.0|4320|14277.6|4320.0|1.0|pâte de datte
ecocert|2025-01-14|France|540.0|3.4|1836|6067.98|1836.0|1.0|Poudre de dattes
ecocert|2025-01-14|France|600.0|3.0|1800|5949.0|1800.0|1.0|Dattes découpées
ecocert|2025-01-14|France|1440.0|3.0|4320|14277.6|4320.0|1.0|pâte de datte
ecocert|2025-01-15|France|600.0|3.0|1800|5959.8|1800.0|1.0|Dattes découpées
ecocert|2025-01-16|Allemagne|14000.0|3.0|42000|138852.0|42000.0|1.0|Dattes Dénoyautées
ecocert|2025-01-16|Autriche|8160.0|3.0|24480|80930.88|24480.0|1.0|dattes standards
ecocert|2025-01-17|Espagne|8448.0|3.0|25344|83787.264|25344.0|1.0|pâte de datte
ecocert|2025-01-17|Danemark|11520.0|3.0|34560|114255.36|34560.0|1.0|Dattes Dénoyautées
ecocert|2025-01-17|Allemagne|2880.0|3.0|8640|28563.84|8640.0|1.0|pâte de datte
ecocert|2025-01-17|Allemagne|450.0|3.0|1350|4463.1|1350.0|1.0|pâte de datte
ecocert|2025-01-17|Allemagne|3240.0|3.0|9720|32134.32|9720.0|1.0|Poudre de dattes
ecocert|2025-01-17|Allemagne|4860.0|3.0|14580|48201.48|14580.0|1.0|Dattes Dénoyautées
ecocert|2025-01-17|Allemagne|4860.0|3.0|14580|48201.48|14580.0|1.0|Dattes Dénoyautées
ecocert|2025-01-17|Allemagne|1620.0|3.7|5994|19816.164|5994.0|1.0|Dattes Dénoyautées
ecocert|2025-01-21|Suisse|20880.0|3.0|62640|207714.24|62640.0|1.0|Dattes Dénoyautées
ecocert|2025-01-21|France|480.0|3.0|1440|4775.04|1440.0|1.0|Dattes Branchées
ecocert|2025-01-21|France|2880.0|3.7|10656|35335.29599999999|10656.0|1.0|Dattes Dénoyautées
ecocert|2025-01-21|France|3024.0|3.7|11188.8|37102.0608|11188.800000000001|1.0|Dattes Dénoyautées
ecocert|2025-01-21|France|3024.0|3.0|9072|30082.752|9072.0|1.0|dattes conditionnées
ecocert|2025-01-21|France|3780.0|3.0|11340|37603.44|11340.0|1.0|dattes standards
ecocert|2025-01-21|France|1440.0|3.0|4320|14325.12|4320.0|1.0|pâte de datte
ecocert|2025-01-21|France|540.0|3.4|1836|6088.175999999999|1836.0|1.0|Poudre de dattes
ecocert|2025-01-21|France|1440.0|3.0|4320|14325.12|4320.0|1.0|pâte de datte
ecocert|2025-01-23|Suisse|256.0|3.0|768|2547.456|768.0|1.0|pâte de datte
ecocert|2025-01-23|Suisse|2304.0|3.0|6912|22927.104|6912.0|1.0|Dattes Dénoyautées
ecocert|2025-01-23|Allemagne|2592.0|3.0|7776|25792.992|7776.0|1.0|dattes conditionnées
ecocert|2025-01-23|Allemagne|2160.0|2.45|5292|17553.564|5292.0|1.0|pâte de datte
ecocert|2025-01-23|Allemagne|2160.0|3.4|7344|24360.048|7344.0|1.0|Poudre de dattes
ecocert|2025-01-23|Allemagne|2592.0|3.0|7776|25792.992|7776.0|1.0|dattes conditionnées
ecocert|2025-01-23|Allemagne|4860.0|3.0|14580|48361.86|14580.0|1.0|Dattes Dénoyautées
ecocert|2025-01-23|Allemagne|1080.0|3.0|3240|10747.08|3240.0|1.0|Dattes Dénoyautées
ecocert|2025-01-23|Allemagne|1215.0|3.0|3645|12090.465|3645.0|1.0|dattes conditionnées
ecocert|2025-01-23|Belgique|21600.0|1.0|21600|71647.2|21600.0|1.0|dattes industruelles
ecocert|2025-01-24|Suisse|4608.0|3.0|13824|46033.92|13824.0|1.0|pâte de datte
ecocert|2025-01-24|Suisse|1200.0|3.4|4080|13586.4|4080.0|1.0|Poudre de dattes
ecocert|2025-01-24|Suisse|3500.0|3.4|11900|39627.0|11900.0|1.0|Poudre de dattes
ecocert|2025-01-24|Pays-Bas|3000.0|3.0|9000|29970.0|9000.0|1.0|Poudre de dattes
ecocert|2025-01-24|Italie|2080.0|3.0|6240|20779.2|6240.0|1.0|Dattes Dénoyautées
ecocert|2025-01-24|Italie|6300.0|3.0|18900|62937.0|18900.0|1.0|pâte de datte
ecocert|2025-01-27|Pays-Bas|17820.0|3.7|65934|220153.626|65934.0|1.0|Dattes Dénoyautées
ecocert|2025-01-27|Pays-Bas|20000.0|3.7|74000|247086.0|74000.0|1.0|Dattes Dénoyautées
ecocert|2025-01-27|Belgique|22800.0|1.0|22800|76129.2|22800.0|1.0|dattes industruelles
ecocert|2025-02-03|Allemagne|17820.0|3.7|65934|217582.2|65934.0|1.0|Dattes Dénoyautées
ecocert|2025-02-06|Allemagne|2160.0|3.7|7992|26485.488|7992.0|1.0|Dattes Dénoyautées
ecocert|2025-02-06|Allemagne|1080.0|3.7|3996|13242.744|3996.0|1.0|Dattes Dénoyautées
ecocert|2025-02-06|Allemagne|1080.0|3.7|3996|13242.744|3996.0|1.0|Dattes Dénoyautées
ecocert|2025-02-06|Allemagne|12420.0|3.7|45954|152291.556|45954.0|1.0|Dattes Dénoyautées
ecocert|2025-02-06|Allemagne|1620.0|3.7|5994|19864.116|5994.0|1.0|Dattes Dénoyautées
ecocert|2025-02-07|Autriche|16896.0|3.7|62515.2|207112.8576|62515.200000000004|1.0|Dattes Dénoyautées
ecocert|2025-02-11|Allemagne|1352.0|3.7|5002.400000000001|16517.9248|5002.400000000001|1.0|pâte de datte
ecocert|2025-02-11|Allemagne|3240.0|3.7|11988|39584.376|11988.0|1.0|Poudre de dattes
ecocert|2025-02-11|Allemagne|1080.0|3.7|3996|13194.792|3996.0|1.0|dattes standards
ecocert|2025-02-11|Allemagne|8640.0|3.7|31968|105558.336|31968.0|1.0|Dattes Dénoyautées
ecocert|2025-02-11|Allemagne|1728.0|3.7|6393.6|21111.6672|6393.6|1.0|dattes conditionnées
ecocert|2025-02-11|Allemagne|1080.0|3.7|3996|13194.792|3996.0|1.0|Dattes découpées
ecocert|2025-02-11|Slovaquie|17424.0|3.7|64468.8|212875.9776|64468.8|1.0|Dattes Dénoyautées
ecocert|2025-02-13|France|960.0|3.7|3552|11774.88|3552.0|1.0|Dattes Dénoyautées
ecocert|2025-02-13|France|3456.0|3.7|12787.2|42389.568|12787.2|1.0|dattes standards
ecocert|2025-02-13|France|3888.0|3.7|14385.6|47688.264|14385.6|1.0|dattes standards
ecocert|2025-02-13|France|3780.0|3.7|13986|46363.59|13986.0|1.0|dattes standards
ecocert|2025-02-13|France|1440.0|3.7|5328|17662.32|5328.0|1.0|pâte de datte
ecocert|2025-02-13|France|306.0|3.7|1132.2|3753.243|1132.2|1.0|Poudre de dattes
ecocert|2025-02-13|France|1620.0|3.7|5994|19870.11|5994.0|1.0|Poudre de dattes
ecocert|2025-02-13|France|600.0|3.7|2220|7359.3|2220.0|1.0|dattes standards
ecocert|2025-02-14|Slovaquie|17424.0|3.08|53665.92|178278.18624|53665.92|1.0|Dattes Dénoyautées
ecocert|2025-02-17|Slovaquie|17424.0|3.08|53665.92|177848.85888|53665.92|1.0|Dattes Dénoyautées
ecocert|2025-02-19|Allemagne|17820.0|3.08|54885.6|181616.4504|54885.6|1.0|dattes standards
ecocert|2025-02-20|Suisse|20000.0|3.08|61600|203834.4|61600.0|1.0|Dattes Dénoyautées
ecocert|2025-02-21|Italie|21060.0|3.08|64864.8|214832.2176|64864.8|1.0|Dattes Dénoyautées
ecocert|2025-02-24|France|1600.0|3.7|5920|19607.04|5920.0|1.0|pâte de datte
ecocert|2025-02-24|France|6020.0|3.5|21070|69783.84|21070.0|1.0|Poudre de dattes
ecocert|2025-02-24|Allemagne|19998.0|2.9|57994.2|192076.7904|57994.2|1.0|Dattes Dénoyautées
ecocert|2025-02-27|Allemagne|450.0|3.7|1665|5517.81|1665.0|1.0|pâte de datte
ecocert|2025-02-27|Allemagne|3240.0|3.7|11988|39728.232|11988.0|1.0|Poudre de dattes
ecocert|2025-02-27|Allemagne|2160.0|3.08|6652.8|22047.3792|6652.8|1.0|Dattes Dénoyautées
ecocert|2025-02-27|Allemagne|5400.0|3.08|16632|55118.448|16632.0|1.0|Dattes Dénoyautées
ecocert|2025-02-27|Allemagne|960.0|3.08|2956.8|9798.835200000001|2956.8|1.0|Dattes Dénoyautées
ecocert|2025-02-27|Allemagne|1620.0|3.08|4989.6|16535.5344|4989.6|1.0|Dattes Dénoyautées
ecocert|2025-03-01|Allemagne|21087.0|2.95|62206.65|206277.2514|62206.65|1.0|Dattes Dénoyautées
ecocert|2025-03-01|Slovaquie|17424.0|2.95|51400.8|170445.0528|51400.8|1.0|Dattes Dénoyautées
ecocert|2025-03-03|Allemagne|21087.0|2.95|62206.65|206277.2514|62206.65|1.0|Dattes Dénoyautées
ecocert|2025-03-03|Pays-Bas|20000.0|2.9|58000|192328.0|58000.0|1.0|Dattes Dénoyautées
ecocert|2025-03-04|Allemagne|1440.0|2.45|3528|11712.96|3528.0000000000005|1.0|pâte de datte
ecocert|2025-03-04|Allemagne|2700.0|3.7|9990|33166.8|9990.0|1.0|Poudre de dattes
ecocert|2025-03-04|Allemagne|2160.0|3.7|7992|26533.44|7992.0|1.0|Dattes Dénoyautées
ecocert|2025-03-04|Allemagne|2160.0|3.7|7992|26533.44|7992.0|1.0|Dattes Dénoyautées
ecocert|2025-03-04|Allemagne|1620.0|3.7|5994|19900.08|5994.0|1.0|Dattes Dénoyautées
ecocert|2025-03-04|Allemagne|3240.0|3.7|11988|39800.16|11988.0|1.0|Dattes Dénoyautées
ecocert|2025-03-04|Allemagne|1620.0|3.7|5994|19900.08|5994.0|1.0|Dattes Dénoyautées
ecocert|2025-03-04|Allemagne|480.0|3.7|1776|5896.32|1776.0|1.0|Dattes Dénoyautées
ecocert|2025-03-04|Allemagne|1080.0|3.7|3996|13266.72|3996.0|1.0|Dattes découpées
ecocert|2025-03-05|Espagne|10000.0|1.05|10500|35017.5|10500.0|1.0|pâte de datte
ecocert|2025-03-07|Slovaquie|5400.0|2.95|15930|53429.22000000001|15930.000000000002|1.0|Dattes Dénoyautées
ecocert|2025-03-07|Allemagne|21087.0|2.95|62206.65|208641.1041|62206.65|1.0|Dattes Dénoyautées
ecocert|2025-03-07|Allemagne|450.0|2.45|1102.5|3697.785|1102.5|1.0|pâte de datte
ecocert|2025-03-07|Allemagne|3240.0|3.7|11988|40207.752|11988.0|1.0|Poudre de dattes
ecocert|2025-03-07|Allemagne|2160.0|3.7|7992|26805.168|7992.0|1.0|Dattes Dénoyautées
ecocert|2025-03-07|Allemagne|2160.0|3.7|7992|26805.168|7992.0|1.0|Dattes Dénoyautées
ecocert|2025-03-07|Allemagne|5400.0|3.7|19980|67012.92|19980.0|1.0|Dattes Dénoyautées
ecocert|2025-03-07|Allemagne|960.0|3.7|3552|11913.408|3552.0|1.0|Dattes Dénoyautées
ecocert|2025-03-07|Allemagne|1620.0|3.7|5994|20103.876|5994.0|1.0|Dattes Dénoyautées
ecocert|2025-03-07|Suisse|1440.0|3.0|4320|14489.28|4320.0|1.0|dattes conditionnées
ecocert|2025-03-07|Allemagne|21087.0|2.95|62206.65|208641.1041|62206.65|1.0|Dattes Dénoyautées
ecocert|2025-03-07|Espagne|8448.0|3.0|25344|85003.776|25344.0|1.0|dattes conditionnées
ecocert|2025-03-10|Pays-Bas|17820.0|3.7|65934|221010.768|65934.0|1.0|Dattes Dénoyautées
ecocert|2025-03-10|France|4000.0|3.0|12000|40224.0|12000.0|1.0|dattes conditionnées
ecocert|2025-03-10|France|3888.0|3.0|11664|39097.728|11664.0|1.0|dattes conditionnées
ecocert|2025-03-10|France|4374.0|3.0|13122|43984.944|13122.0|1.0|dattes conditionnées
ecocert|2025-03-10|France|1664.0|3.0|4992|16733.184|4992.0|1.0|dattes conditionnées
ecocert|2025-03-10|France|2000.0|3.0|6000|20112.0|6000.0|1.0|dattes conditionnées
ecocert|2025-03-10|France|1440.0|3.0|4320|14480.64|4320.0|1.0|dattes conditionnées
ecocert|2025-03-10|France|2688.0|3.0|8064|27030.528|8064.0|1.0|dattes conditionnées
ecocert|2025-03-10|France|5120.0|3.0|15360|51486.72|15360.0|1.0|dattes conditionnées
ecocert|2025-03-10|France|4620.0|3.0|13860|46458.72|13860.0|1.0|dattes conditionnées
ecocert|2025-03-10|France|4860.0|3.0|14580|48872.16|14580.0|1.0|dattes conditionnées
ecocert|2025-03-11|France|1920.0|3.7|7104|23869.44|7104.0|1.0|Dattes Dénoyautées
ecocert|2025-03-11|France|3456.0|3.7|12787.2|42964.992|12787.2|1.0|dattes conditionnées
ecocert|2025-03-11|France|5184.0|3.7|19180.8|64447.488|19180.8|1.0|dattes conditionnées
ecocert|2025-03-11|France|3240.0|3.7|11988|40279.68|11988.0|1.0|dattes standards
ecocert|2025-03-11|France|1440.0|2.45|3528|11854.08|3528.0000000000005|1.0|pâte de datte
ecocert|2025-03-11|Espagne|4480.0|3.0|13440|45158.4|13440.0|1.0|dattes conditionnées
ecocert|2025-03-11|Espagne|3000.0|3.0|9000|30240.0|9000.0|1.0|dattes conditionnées
ecocert|2025-03-11|France|720.0|2.45|1764|5927.040000000001|1764.0000000000002|1.0|pâte de datte
ecocert|2025-03-12|France|720.0|2.45|1764|5927.040000000001|1764.0000000000002|1.0|pâte de datte
ecocert|2025-03-12|Belgique|5200.0|3.0|15600|52416.0|15600.0|1.0|dattes conditionnées
ecocert|2025-03-12|Pays-Bas|17600.0|2.9|51040|171494.4|51040.0|1.0|Dattes Dénoyautées
ecocert|2025-03-14|Italie|3200.0|3.0|9600|32265.6|9600.0|1.0|dattes conditionnées
ecocert|2025-03-14|Italie|6300.0|3.0|18900|63522.9|18900.0|1.0|dattes conditionnées
ecocert|2025-03-14|Allemagne|21087.0|2.95|62206.65|209076.55065|62206.65|1.0|Dattes Dénoyautées
ecocert|2025-03-14|Allemagne|4480.0|3.9|17472|58723.39200000001|17472.0|1.0|Dattes Branchées
ecocert|2025-03-14|Allemagne|3840.0|3.9|14976|50334.336|14976.0|1.0|Dattes Dénoyautées
ecocert|2025-03-14|Allemagne|3600.0|3.9|14040|47188.44|14040.0|1.0|dattes conditionnées
ecocert|2025-03-14|Allemagne|2560.0|3.9|9984|33556.224|9984.0|1.0|dattes standards
ecocert|2025-03-17|Allemagne|1440.0|2.45|3528|11857.608|3528.0000000000005|1.0|pâte de datte
ecocert|2025-03-17|Allemagne|900.0|2.45|2205|7411.005|2205.0|1.0|pâte de datte
ecocert|2025-03-17|Allemagne|1620.0|3.7|5994|20145.834|5994.0|1.0|Poudre de dattes
ecocert|2025-03-17|Allemagne|1620.0|3.7|5994|20145.834|5994.0|1.0|Dattes Dénoyautées
ecocert|2025-03-17|Allemagne|9180.0|3.7|33966|114159.726|33966.0|1.0|Dattes Dénoyautées
ecocert|2025-03-17|Allemagne|2592.0|3.7|9590.4|32233.3344|9590.4|1.0|Dattes Dénoyautées
ecocert|2025-03-17|Espagne|8448.0|3.0|25344|85181.18400000001|25344.0|1.0|Dattes Dénoyautées
ecocert|2025-03-18|Slovénie|1000.0|3.0|3000|10092.0|3000.0|1.0|pâte de datte
ecocert|2025-03-19|Suisse|3456.0|3.0|10368|34877.952|10368.0|1.0|dattes standards
ecocert|2025-03-19|Espagne|6000.0|3.0|18000|60552.0|18000.0|1.0|Poudre de dattes
ecocert|2025-03-20|Allemagne|2160.0|3.0|6480|21708.0|6480.0|1.0|pâte de datte
ecocert|2025-03-20|Allemagne|3024.0|3.0|9072|30391.2|9072.0|1.0|Dattes Dénoyautées
ecocert|2025-03-20|Allemagne|1620.0|3.0|4860|16281.0|4860.0|1.0|Dattes Dénoyautées
ecocert|2025-03-20|Allemagne|405.0|3.0|1215|4070.25|1215.0|1.0|Dattes Dénoyautées
ecocert|2025-03-20|Allemagne|2160.0|3.0|6480|21708.0|6480.0|1.0|Dattes Dénoyautées
ecocert|2025-03-20|Allemagne|4860.0|3.0|14580|48843.0|14580.0|1.0|Dattes Dénoyautées
ecocert|2025-03-20|Allemagne|1080.0|3.0|3240|10854.0|3240.0|1.0|Dattes Dénoyautées
ecocert|2025-03-20|Allemagne|2160.0|3.0|6480|21708.0|6480.0|1.0|Dattes Dénoyautées
ecocert|2025-03-21|Belgique|21600.0|1.0|21600|72468.0|21600.0|1.0|dattes industruelles
ecocert|2025-03-22|Allemagne|21087.0|3.0|63261|211481.523|63261.0|1.0|Dattes Dénoyautées
ecocert|2025-03-25|Allemagne|1296.0|3.0|3888|13048.128|3888.0|1.0|Dattes Dénoyautées
ecocert|2025-03-25|Allemagne|2160.0|3.0|6480|21746.88|6480.0|1.0|pâte de datte
ecocert|2025-03-25|Allemagne|1728.0|3.0|5184|17397.504|5184.0|1.0|Dattes Dénoyautées
ecocert|2025-03-25|Allemagne|2160.0|3.0|6480|21746.88|6480.0|1.0|Dattes Dénoyautées
ecocert|2025-03-25|Allemagne|8640.0|3.0|25920|86987.51999999999|25920.0|1.0|Dattes Dénoyautées
ecocert|2025-03-25|Allemagne|480.0|3.0|1440|4832.639999999999|1440.0|1.0|Dattes Dénoyautées
ecocert|2025-03-25|Allemagne|1080.0|3.0|3240|10873.44|3240.0|1.0|Dattes Dénoyautées
ecocert|2025-03-25|Slovaquie|21087.0|3.0|63261|212303.916|63261.0|1.0|Dattes Dénoyautées
ecocert|2025-03-26|Espagne|6000.0|3.0|18000|60336.0|18000.0|1.0|Poudre de dattes
ecocert|2025-03-28|Suisse|8448.0|3.0|25344|85029.12|25344.0|1.0|Dattes Dénoyautées
ecocert|2025-04-02|Belgique|22800.0|0.8|18240|61104.0|18240.0|1.0|dattes industruelles
ecocert|2025-04-03|France|11700.0|3.0|35100|118287.0|35100.0|1.0|Dattes Dénoyautées
ecocert|2025-04-08|Slovaquie|21087.0|3.0|63261|212556.96|63261.0|1.0|Dattes Dénoyautées
ecocert|2025-04-11|Slovaquie|17424.0|3.0|52272|177724.8|52272.0|1.0|Dattes Dénoyautées
ecocert|2025-04-11|Allemagne|405.0|1.5|607.5|2065.5|607.5|1.0|pâte de datte
ecocert|2025-04-11|Pays-Bas|17600.0|3.0|52800|179520.0|52800.0|1.0|Dattes Dénoyautées
ecocert|2025-04-17|Suisse|4608.0|3.0|13824|47001.6|13824.0|1.0|Dattes Dénoyautées
ecocert|2025-04-18|France|960.0|3.0|2880|9763.2|2880.0|1.0|Dattes Dénoyautées
ecocert|2025-04-18|France|2880.0|3.0|8640|29289.6|8640.0|1.0|Dattes Dénoyautées
ecocert|2025-04-18|France|1680.0|3.0|5040|17085.6|5040.0|1.0|Dattes Branchées
ecocert|2025-04-18|France|1600.0|3.0|4800|16272.0|4800.0|1.0|dattes conditionnées
ecocert|2025-04-18|France|486.0|3.0|1458|4942.62|1458.0|1.0|dattes conditionnées
ecocert|2025-04-18|France|1944.0|3.0|5832|19770.48|5832.0|1.0|dattes conditionnées
ecocert|2025-04-18|France|3200.0|3.0|9600|32544.0|9600.0|1.0|Dattes découpées
ecocert|2025-04-18|France|4374.0|3.0|13122|44483.58|13122.0|1.0|Dattes Dénoyautées
ecocert|2025-04-18|France|2592.0|3.0|7776|26360.64|7776.0|1.0|pâte de datte
ecocert|2025-04-18|Belgique|22800.0|0.8|18240|61833.60000000001|18240.0|1.0|dattes industruelles
ecocert|2025-04-18|Pays-Bas|19965.0|3.0|59895|203044.05|59895.0|1.0|Dattes Dénoyautées
ecocert|2025-04-18|Italie|6300.0|3.0|18900|64071.0|18900.0|1.0|pâte de datte
ecocert|2025-04-18|Pays-Bas|19965.0|3.0|59895|203044.05|59895.0|1.0|Dattes Dénoyautées
ecocert|2025-04-21|Slovaquie|17424.0|3.0|52272|178247.52|52272.0|1.0|Dattes Dénoyautées
ecocert|2025-04-23|Italie|10584.0|3.0|31752|107956.8|31752.0|1.0|Dattes Dénoyautées
ecocert|2025-04-22|Espagne|20000.0|3.0|60000|204600.0|60000.0|1.0|pâte de datte
ecocert|2025-04-24|Suisse|1500.0|3.5|5250|17797.5|5250.0|1.0|Poudre de dattes
ecocert|2025-04-28|Allemagne|21120.0|3.0|63360|215424.0|63360.0|1.0|dattes standards
ecocert|2025-04-25|Allemagne|17820.0|3.0|53460|181229.4|53460.0|1.0|Dattes Dénoyautées
ecocert|2025-04-28|Allemagne|810.0|3.0|2430|8262.0|2430.0|1.0|Dattes Dénoyautées
ecocert|2025-04-28|Allemagne|1440.0|3.0|4320|14688.0|4320.0|1.0|pâte de datte
ecocert|2025-04-28|Allemagne|3240.0|3.5|11340|38556.0|11340.0|1.0|Poudre de dattes
ecocert|2025-04-28|Allemagne|540.0|3.0|1620|5508.0|1620.0|1.0|Dattes Dénoyautées
ecocert|2025-04-28|Allemagne|864.0|3.0|2592|8812.8|2592.0|1.0|Dattes Dénoyautées
ecocert|2025-04-28|Allemagne|10800.0|3.04|32832|111628.8|32832.0|1.0|Dattes Dénoyautées
ecocert|2025-04-29|Belgique|21600.0|0.6|12960|44064.0|12960.0|1.0|dattes industruelles
ecocert|2025-05-02|Allemagne|21087.0|3.4|71695.8|240897.888|71695.8|1.0|Dattes Dénoyautées
ecocert|2025-05-07|Espagne|660.0|3.4|2244|7584.719999999999|2244.0|1.0|Dattes Branchées
ecocert|2025-05-07|Espagne|1000.0|3.4|3400|11492.0|3400.0|1.0|Dattes Branchées
ecocert|2025-05-05|Allemagne|20000.0|3.4|68000|230520.0|68000.0|1.0|Poudre de dattes
ecocert|2025-05-05|Allemagne|5760.0|3.4|19584|66389.76000000001|19584.0|1.0|pâte de datte
ecocert|2025-05-05|Allemagne|3240.0|3.4|11016|37344.24|11016.0|1.0|Poudre de dattes
ecocert|2025-05-05|Allemagne|810.0|3.4|2754|9336.06|2754.0|1.0|Dattes Dénoyautées
ecocert|2025-05-05|Allemagne|1080.0|3.4|3672|12448.08|3672.0|1.0|Dattes Dénoyautées
ecocert|2025-05-05|Allemagne|7020.0|3.4|23868|80912.52|23868.0|1.0|Dattes Dénoyautées
ecocert|2025-05-05|Allemagne|1080.0|3.4|3672|12448.08|3672.0|1.0|Dattes Dénoyautées
ecocert|2025-05-05|Allemagne|20000.0|3.4|68000|230520.0|68000.0|1.0|Poudre de dattes
ecocert|2025-05-05|France|5184.0|3.4|17625.6|59750.784|17625.6|1.0|pâte de datte
ecocert|2025-05-05|Allemagne|5760.0|3.4|19584|66389.76000000001|19584.0|1.0|pâte de datte
ecocert|2025-05-05|Allemagne|3240.0|3.4|11016|37344.24|11016.0|1.0|Poudre de dattes
ecocert|2025-05-05|Allemagne|810.0|3.4|2754|9336.06|2754.0|1.0|Dattes Dénoyautées
ecocert|2025-05-05|Allemagne|1080.0|3.4|3672|12448.08|3672.0|1.0|Dattes Dénoyautées
ecocert|2025-05-05|Allemagne|7020.0|3.4|23868|80912.52|23868.0|1.0|Dattes Dénoyautées
ecocert|2025-05-07|Slovaquie|17406.0|3.0|52218|176496.84|52218.0|1.0|Dattes Dénoyautées
ecocert|2025-05-07|Slovaquie|17424.0|3.0|52272|176679.36|52272.0|1.0|Dattes Dénoyautées
ecocert|2025-05-07|Belgique|22800.0|0.8|18240|61651.2|18240.0|1.0|dattes industruelles
ecocert|2025-05-08|Espagne|1650.0|3.0|4950|16681.5|4950.0|1.0|Sirop de datte
ecocert|2025-05-08|Suisse|4608.0|3.0|13824|46586.88|13824.0|1.0|pâte de datte
ecocert|2025-05-08|Suisse|4992.0|3.0|14976|50469.12|14976.0|1.0|dattes standards
ecocert|2025-05-08|Suisse|6600.0|3.0|19800|66726.0|19800.0|1.0|Poudre de dattes
ecocert|2025-05-09|Espagne|2880.0|3.0|8640|29030.4|8640.0|1.0|Dattes Branchées
ecocert|2025-05-12|Allemagne|2560.0|3.0|7680|25881.6|7680.0|1.0|Dattes Dénoyautées
ecocert|2025-05-14|Espagne|8448.0|2.6|21964.8|74241.02399999999|21964.8|1.0|pâte de datte
ecocert|2025-05-15|Allemagne|2700.0|4.7|12690|42892.2|12690.0|1.0|Poudre de dattes
ecocert|2025-05-15|Allemagne|864.0|3.0|2592|8760.96|2592.0|1.0|dattes standards
ecocert|2025-05-15|Allemagne|810.0|3.0|2430|8213.4|2430.0|1.0|dattes standards
ecocert|2025-05-15|Allemagne|10800.0|3.0|32400|109512.0|32400.0|1.0|dattes standards
ecocert|2025-05-15|Allemagne|960.0|3.0|2880|9734.4|2880.0|1.0|dattes conditionnées
ecocert|2025-05-15|Allemagne|1080.0|3.0|3240|10951.2|3240.0|1.0|Dattes découpées
ecocert|2025-05-15|Belgique|21600.0|3.0|64800|219024.0|64800.0|1.0|dattes industruelles
ecocert|2025-05-16|France|960.0|3.0|2880|9705.6|2880.0|1.0|Dattes découpées
ecocert|2025-05-16|France|5760.0|3.0|17280|58233.6|17280.0|1.0|Dattes découpées
ecocert|2025-05-16|France|1344.0|3.0|4032|13587.84|4032.0|1.0|Dattes Branchées
ecocert|2025-05-16|France|2400.0|3.0|7200|24264.0|7200.0|1.0|dattes conditionnées
ecocert|2025-05-16|France|1944.0|3.0|5832|19653.84|5832.0|1.0|dattes conditionnées
ecocert|2025-05-16|France|800.0|3.0|2400|8088.0|2400.0|1.0|Dattes Dénoyautées
ecocert|2025-05-16|France|2560.0|3.0|7680|25881.6|7680.0|1.0|Dattes découpées
ecocert|2025-05-16|France|864.0|3.0|2592|8735.04|2592.0|1.0|pâte de datte
ecocert|2025-05-16|France|1728.0|3.0|5184|17470.08|5184.0|1.0|pâte de datte
ecocert|2025-05-17|France|720.0|3.0|2160|7257.599999999999|2160.0|1.0|Poudre de dattes
ecocert|2025-05-19|Suisse|19120.0|3.0|57360|193876.8|57360.0|1.0|dattes standards
ecocert|2025-05-19|japon|13500.0|4.45|53466.75|180717.615|53466.75|0.89|Dattes Dénoyautées
ecocert|2025-05-22|France|1440.0|3.0|4320|14601.6|4320.0|1.0|Dattes Dénoyautées
ecocert|2025-05-22|France|4320.0|3.0|12960|43804.8|12960.0|1.0|dattes conditionnées
ecocert|2025-05-22|France|4320.0|3.0|12960|43804.8|12960.0|1.0|dattes conditionnées
ecocert|2025-05-22|France|3240.0|3.0|9720|32853.6|9720.0|1.0|dattes standards
ecocert|2025-05-22|France|1080.0|3.0|3240|10951.2|3240.0|1.0|Poudre de dattes
ecocert|2025-05-22|France|600.0|3.0|1800|6084.0|1800.0|1.0|Dattes découpées
ecocert|2025-05-22|France|1440.0|3.0|4320|14601.6|4320.0|1.0|Dattes Dénoyautées
ecocert|2025-05-22|France|4320.0|3.0|12960|43804.8|12960.0|1.0|dattes conditionnées
ecocert|2025-05-22|France|4320.0|3.0|12960|43804.8|12960.0|1.0|dattes conditionnées
ecocert|2025-05-22|France|3240.0|3.0|9720|32853.6|9720.0|1.0|dattes standards
ecocert|2025-05-22|France|1080.0|3.0|3240|10951.2|3240.0|1.0|Poudre de dattes
ecocert|2025-05-22|Espagne|100.0|4.7|470|1588.6|470.0|1.0|Poudre de dattes
ecocert|2025-05-22|Espagne|504.0|2.6|1310.4|4429.152|1310.4|1.0|pâte de datte
ecocert|2025-05-22|Slovaquie|21087.0|3.0|63261|213822.18|63261.0|1.0|Dattes Dénoyautées
ecocert|2025-05-26|France|13500.0|3.5|47250|159705.0|47250.0|1.0|Dattes Dénoyautées
ecocert|2025-05-27|Slovaquie|11405.0|3.0|34215|115646.7|34215.0|1.0|Dattes Dénoyautées
ecocert|2025-06-02|France|13500.0|3.0|40500|136890.0|40500.0|1.0|Dattes Dénoyautées
ecocert|2025-06-03|Allemagne|1440.0|3.0|4320|14601.6|4320.0|1.0|pâte de datte
ecocert|2025-06-03|Allemagne|2160.0|3.0|6480|21902.4|6480.0|1.0|Poudre de dattes
ecocert|2025-06-03|Allemagne|405.0|3.0|1215|4106.7|1215.0|1.0|Dattes Dénoyautées
ecocert|2025-06-03|Allemagne|1080.0|3.0|3240|10951.2|3240.0|1.0|Dattes Dénoyautées
ecocert|2025-06-03|Allemagne|12960.0|3.0|38880|131414.4|38880.0|1.0|Dattes Dénoyautées
ecocert|2025-06-03|Pays-Bas|17600.0|3.0|52800|178464.0|52800.0|1.0|Dattes Dénoyautées
ecocert|2025-06-03|Suisse|20160.0|3.0|60480|204422.4|60480.0|1.0|Dattes Dénoyautées
ecocert|2025-06-03|Belgique|24000.0|0.8|19200|64896.0|19200.0|1.0|dattes industruelles
ecocert|2025-06-04|Espagne|10000.0|1.2|12000|40320.0|12000.0|1.0|Poudre de dattes
ecocert|2025-06-09|Belgique|22800.0|0.8|18240|61286.39999999999|18240.0|1.0|dattes industruelles
ecocert|2025-06-11|Allemagne|20000.0|3.0|60000|202800.0|60000.0|1.0|Dattes Dénoyautées
ecocert|2025-06-11|Danemark|8000.0|3.0|24000|81120.0|24000.0|1.0|Dattes Dénoyautées
ecocert|2025-06-13|Suisse|600.0|3.0|1800|6084.0|1800.0|1.0|Poudre de dattes
ecocert|2025-06-13|Suisse|2000.0|3.0|6000|20280.0|6000.0|1.0|Poudre de dattes
ecocert|2025-06-13|France|5184.0|3.0|15552|52565.75999999999|15552.0|1.0|pâte de datte
ecocert|2025-06-13|Espagne|800.0|3.0|2400|8112.0|2400.0|1.0|Poudre de dattes
ecocert|2025-06-13|Italie|6400.0|3.0|19200|64896.0|19200.0|1.0|pâte de datte
ecocert|2025-06-17|Allemagne|17820.0|3.0|53460|180160.2|53460.0|1.0|Dattes Dénoyautées
ecocert|2025-06-18|Belgique|21600.0|0.8|17280|58233.6|17280.0|1.0|dattes industruelles
ecocert|2025-06-19|Espagne|3000.0|3.0|9000|30330.0|9000.0|1.0|Poudre de dattes
ecocert|2025-06-19|Espagne|3000.0|3.0|9000|30330.0|9000.0|1.0|Poudre de dattes
ecocert|2025-06-19|Espagne|11200.0|3.0|33600|113232.0|33600.0|1.0|pâte de datte
ecocert|2025-06-19|Espagne|1000.0|3.0|3000|10110.0|3000.0|1.0|Dattes Dénoyautées
ecocert|2025-06-19|Espagne|1000.0|3.0|3000|10110.0|3000.0|1.0|Dattes Dénoyautées
ecocert|2025-06-20|Italie|6300.0|3.0|18900|63693.0|18900.0|1.0|pâte de datte
ecocert|2025-06-23|Belgique|3900.0|3.0|11700|39312.0|11700.0|1.0|Dattes Dénoyautées
ecocert|2025-06-25|Suisse|9680.0|3.0|29040|97574.4|29040.0|1.0|Dattes Dénoyautées
ecocert|2025-06-25|Allemagne|20800.0|3.0|62400|209664.0|62400.0|1.0|Dattes Dénoyautées
ecocert|2025-06-27|Suisse|3840.0|3.0|11520|38937.6|11520.0|1.0|Dattes Dénoyautées
ecocert|2025-07-01|Allemagne|19200.0|3.0|57600|195840.0|57600.0|1.0|Dattes Dénoyautées
ecocert|2025-07-01|Allemagne|800.0|4.7|3760|12784.0|3760.0|1.0|Poudre de dattes
ecocert|2025-07-02|Allemagne|20000.0|3.0|60000|204000.0|60000.0|1.0|Dattes Dénoyautées
ecocert|2025-07-03|France|10368.0|3.0|31104|105753.6|31104.0|1.0|pâte de datte
ecocert|2025-07-04|Allemagne|17820.0|3.0|53460|181764.0|53460.0|1.0|Dattes Dénoyautées
ecocert|2025-07-04|Suisse|600.0|3.0|1800|6120.0|1800.0|1.0|Dattes Dénoyautées
ecocert|2025-07-04|Suisse|1200.0|4.7|5640|19176.0|5640.0|1.0|Poudre de dattes
ecocert|2025-07-04|France|1920.0|3.0|5760|19584.0|5760.0|1.0|Dattes découpées
ecocert|2025-07-04|France|2400.0|3.0|7200|24480.0|7200.0|1.0|dattes conditionnées
ecocert|2025-07-04|France|1944.0|3.0|5832|19828.8|5832.0|1.0|Dattes Dénoyautées
ecocert|2025-07-04|France|5120.0|3.0|15360|52224.0|15360.0|1.0|Dattes découpées
ecocert|2025-07-04|France|2640.0|3.0|7920|26928.0|7920.0|1.0|Dattes Dénoyautées
ecocert|2025-07-04|France|3402.0|3.0|10206|34700.4|10206.0|1.0|Dattes Dénoyautées
ecocert|2025-07-04|France|864.0|3.0|2592|8812.8|2592.0|1.0|Dattes Dénoyautées
ecocert|2025-07-04|France|720.0|3.0|2160|7344.0|2160.0|1.0|Dattes Dénoyautées
ecocert|2025-07-04|Autriche|16896.0|3.0|50688|172339.2|50688.0|1.0|dattes standards
ecocert|2025-07-07|France|10368.0|3.0|31104|106064.64|31104.0|1.0|pâte de datte
ecocert|2025-07-07|Allemagne|14000.0|3.0|42000|143220.0|42000.0|1.0|Dattes Dénoyautées
ecocert|2025-07-07|France|10368.0|3.0|31104|106064.64|31104.0|1.0|pâte de datte
ecocert|2025-07-07|Autriche|16896.0|3.0|50688|172846.08|50688.0|1.0|dattes standards
ecocert|2025-07-09|Allemagne|16569.0|3.0|49707|169003.8|49707.0|1.0|Dattes Dénoyautées
ecocert|2025-07-10|Espagne|100.0|4.7|470|1598.0|470.0|1.0|Poudre de dattes
ecocert|2025-07-10|Espagne|504.0|3.0|1512|5140.8|1512.0|1.0|pâte de datte
ecocert|2025-07-10|Espagne|3200.0|3.0|9600|32640.0|9600.0|1.0|pâte de datte
ecocert|2025-07-10|Allemagne|810.0|3.0|2430|8262.0|2430.0|1.0|dattes conditionnées
ecocert|2025-07-10|Allemagne|9720.0|3.0|29160|99144.0|29160.0|1.0|Dattes Dénoyautées
ecocert|2025-07-10|Allemagne|5400.0|3.0|16200|55080.0|16200.0|1.0|Dattes Dénoyautées
ecocert|2025-07-10|Allemagne|480.0|3.0|1440|4896.0|1440.0|1.0|Dattes Dénoyautées
ecocert|2025-07-10|Allemagne|1080.0|3.0|3240|11016.0|3240.0|1.0|Dattes découpées
ecocert|2025-07-10|Pays-Bas|17600.0|3.0|52800|179520.0|52800.0|1.0|Dattes Dénoyautées
ecocert|2025-07-11|Autriche|8160.0|3.0|24480|83232.0|24480.0|1.0|Dattes Dénoyautées
ecocert|2025-07-11|Suisse|4608.0|3.0|13824|47001.6|13824.0|1.0|Dattes Dénoyautées
ecocert|2025-07-11|France|2016.0|3.0|6048|20563.2|6048.0|1.0|Dattes Dénoyautées
ecocert|2025-07-11|France|8800.0|3.0|26400|89760.0|26400.0|1.0|dattes conditionnées
ecocert|2025-07-11|France|7290.0|3.0|21870|74358.0|21870.0|1.0|Dattes Dénoyautées
ecocert|2025-07-11|Espagne|8400.0|3.0|25200|85680.0|25200.0|1.0|Sirop de datte
ecocert|2025-07-11|Allemagne|20000.0|3.0|60000|204000.0|60000.0|1.0|Dattes Dénoyautées
ecocert|2025-07-14|Belgique|22800.0|1.8|41040|139536.0|41040.0|1.0|dattes industruelles
ecocert|2025-07-15|Allemagne|540.0|4.7|2538|8553.06|2538.0|1.0|Poudre de dattes
ecocert|2025-07-15|Allemagne|810.0|3.0|2430|8189.1|2430.0|1.0|dattes conditionnées
ecocert|2025-07-15|Allemagne|5940.0|3.0|17820|60053.4|17820.0|1.0|Dattes Dénoyautées
ecocert|2025-07-15|Allemagne|4860.0|3.0|14580|49134.6|14580.0|1.0|Dattes Dénoyautées
ecocert|2025-07-15|Allemagne|540.0|3.0|1620|5459.400000000001|1620.0|1.0|dattes standards
ecocert|2025-07-15|Allemagne|3780.0|3.0|11340|38215.8|11340.0|1.0|dattes standards
ecocert|2025-07-15|Allemagne|1080.0|3.0|3240|10918.8|3240.0|1.0|Dattes découpées
ecocert|2025-07-18|France|2400.0|3.0|7200|24192.0|7200.0|1.0|Dattes découpées
ecocert|2025-07-18|France|6804.0|3.0|20412|68584.31999999999|20412.0|1.0|Dattes Dénoyautées
ecocert|2025-07-18|France|800.0|3.0|2400|8064.0|2400.0|1.0|Dattes Dénoyautées
ecocert|2025-07-18|France|660.0|3.0|1980|6652.8|1980.0|1.0|Dattes Dénoyautées
ecocert|2025-07-18|France|864.0|3.0|2592|8709.119999999999|2592.0|1.0|pâte de datte
ecocert|2025-07-18|France|6912.0|3.0|20736|69672.95999999999|20736.0|1.0|pâte de datte
ecocert|2025-07-18|France|2496.0|3.0|7488|25159.68|7488.0|1.0|pâte de datte
ecocert|2025-07-18|Allemagne|20790.0|3.0|62370|209563.2|62370.0|1.0|Dattes Dénoyautées
ecocert|2025-07-22|Italie|21060.0|3.0|63180|212916.6|63180.0|1.0|Dattes Dénoyautées
ecocert|2025-07-28|Allemagne|20000.0|3.0|60000|204000.0|60000.0|1.0|Dattes Dénoyautées
ecocert|2025-07-29|Allemagne|3240.0|3.0|9720|32562.0|9720.0|1.0|Poudre de dattes
ecocert|2025-07-29|Allemagne|14580.0|3.0|43740|146529.0|43740.0|1.0|Dattes Dénoyautées
ecocert|2025-07-30|Belgique|21600.0|3.0|64800|216432.0|64800.0|1.0|Dattes Dénoyautées
ecocert|2025-07-31|Danemark|9504.0|3.0|28512|93804.48|28512.0|1.0|Dattes Dénoyautées
ecocert|2025-08-01|Espagne|2800.0|3.0|8400|27804.0|8400.0|1.0|Dattes Dénoyautées
ecocert|2025-08-01|Autriche|16896.0|3.0|50688|167777.28|50688.0|1.0|Dattes Dénoyautées
ecocert|2025-08-04|Belgique|22800.0|3.0|68400|229824.0|68400.0|1.0|dattes industruelles
ecocert|2025-08-07|Autriche|19261.0|3.0|57783|194150.88|57783.0|1.0|dattes conditionnées
ecocert|2025-08-07|Allemagne|1440.0|3.0|4320|14515.2|4320.0|1.0|pâte de datte
ecocert|2025-08-07|Allemagne|3240.0|3.0|9720|32659.2|9720.0|1.0|Poudre de dattes
ecocert|2025-08-07|Allemagne|9180.0|3.0|27540|92534.4|27540.0|1.0|Dattes découpées
ecocert|2025-08-07|Allemagne|2700.0|3.0|8100|27216.0|8100.0|1.0|Dattes découpées
ecocert|2025-08-07|Allemagne|1620.0|3.0|4860|16329.6|4860.0|1.0|Dattes découpées
ecocert|2025-08-07|Autriche|16896.0|3.0|50688|170311.68|50688.0|1.0|dattes conditionnées
ecocert|2025-08-08|Allemagne|10000.0|3.0|30000|100800.0|30000.0|1.0|Dattes Dénoyautées
ecocert|2025-08-08|Belgique|21600.0|3.0|64800|217728.0|64800.0|1.0|dattes industruelles
ecocert|2025-08-14|Espagne|1660.0|3.0|4980|16732.8|4980.0|1.0|dattes standards
ecocert|2025-08-14|Italie|15681.0|3.0|47043|158064.48|47043.0|1.0|dattes standards
ecocert|2025-08-14|Italie|21060.0|3.0|63180|212284.8|63180.0|1.0|dattes standards
ecocert|2025-08-14|Allemagne|20790.0|3.0|62370|209563.2|62370.0|1.0|dattes standards
ecocert|2025-08-15|France|6820.0|3.0|20460|68745.59999999999|20460.0|1.0|dattes standards
ecocert|2025-08-15|Italie|15681.6|3.0|47044.8|158070.528|47044.8|1.0|dattes standards
ecocert|2025-08-15|Suisse|20880.0|3.0|62640|210470.4|62640.0|1.0|dattes standards
ecocert|2025-08-18|Turquia|21060.0|3.1|55493.1|186456.816|55493.1|0.85|Dattes Dénoyautées
ecocert|2025-08-18|France|10368.0|3.0|31104|104509.44|31104.0|1.0|dattes standards
ecocert|2025-08-18|France|1970.0|3.0|5910|19857.6|5910.0|1.0|dattes standards
ecocert|2025-08-19|Allemagne|16755.0|3.0|50265|169393.05|50265.0|1.0|dattes standards
ecocert|2025-08-20|Allemagne|800.0|3.0|2400|8064.0|2400.0|1.0|dattes standards
ecocert|2025-08-27|Belgique|21600.0|1.0|21600|72576.0|21600.0|1.0|dattes industruelles
ecocert|2025-08-28|Suisse|6144.0|3.0|18432|61931.52|18432.0|1.0|dattes standards
ecocert|2025-08-28|France|9360.0|3.0|28080|94348.8|28080.0|1.0|pâte de datte
ecocert|2025-08-28|France|600.0|3.0|1800|6048.0|1800.0|1.0|Dattes découpées
ecocert|2025-08-28|France|1200.0|3.0|3600|12096.0|3600.0|1.0|Dattes découpées
ecocert|2025-08-28|France|5040.0|3.0|15120|50803.2|15120.0|1.0|pâte de datte
ecocert|2025-09-02|France|10400.0|3.1|32240|108648.8|32240.0|1.0|Dattes Dénoyautées
ecocert|2025-09-05|Allemagne|810.0|3.1|2511|8537.4|2511.0|1.0|Dattes Dénoyautées
ecocert|2025-09-05|Allemagne|15972.0|3.1|49513.2|168344.88|49513.200000000004|1.0|Dattes Dénoyautées
ecocert|2025-09-05|Allemagne|540.0|3.1|1674|5691.599999999999|1674.0|1.0|Dattes Dénoyautées
ecocert|2025-09-05|Allemagne|10400.0|3.1|32240|109616.0|32240.0|1.0|Dattes Dénoyautées
ecocert|2025-09-08|Slovaquie|11404.8|3.1|35354.88|120206.592|35354.88|1.0|Dattes Dénoyautées
ecocert|2025-09-12|Slovaquie|20790.0|3.1|64449|219126.6|64449.0|1.0|Dattes Dénoyautées
ecocert|2025-09-11|Allemagne|10400.0|3.1|32240|109616.0|32240.0|1.0|Dattes Dénoyautées
ecocert|2025-09-12|Slovaquie|20790.0|3.1|64449|219126.6|64449.0|1.0|Dattes Dénoyautées
ecocert|2025-09-15|Suisse|20160.0|3.1|62496|213111.36|62496.0|1.0|Dattes Dénoyautées
ecocert|2025-09-15|Danemark|7418.4|3.1|22997.04|78419.9064|22997.04|1.0|Dattes Dénoyautées
ecocert|2025-09-16|Italie|5227.2|3.1|16204.32|55418.77439999999|16204.32|1.0|Dattes Dénoyautées
ecocert|2025-09-16|France|1050.0|3.1|3255|11132.1|3255.0|1.0|pâte de datte
ecocert|2025-09-16|Allemagne|3000.0|3.1|9300|31806.0|9300.0|1.0|Poudre de dattes
ecocert|2025-09-18|France|1920.0|3.1|5952|20296.32|5952.0|1.0|Dattes découpées
ecocert|2025-09-18|Italie|21060.0|3.1|65286|222625.26|65286.0|1.0|Dattes Dénoyautées
ecocert|2025-09-25|Suisse|3600.0|3.1|11160|38055.6|11160.0|1.0|Dattes Dénoyautées
ecocert|2025-09-25|Suisse|1800.0|3.1|5580|19027.8|5580.0|1.0|Dattes Dénoyautées
ecocert|2025-09-25|Pays-Bas|17600.0|3.1|54560|186049.6|54560.0|1.0|Dattes Dénoyautées
ecocert|2025-09-26|France|2880.0|3.1|8928|30355.2|8928.0|1.0|Dattes Dénoyautées
ecocert|2025-09-29|Danemark|4224.0|3.1|13094.4|44651.904|13094.4|1.0|Dattes Dénoyautées
Ccpb|2024-10-03|France|512.0|10.5|5376|18063.36|5376.0|3.36|Boules de dattes au chocolat
Ccpb|2024-10-03|Italie|18436.8|2.68|49410.624|166019.69664|49410.624|3.36|Dattes dénoyautées
Ccpb|2024-10-03|Italie|432.0|2.68|1157.76|3890.0736|1157.76|3.36|Dattes dénoyautées
Ccpb|2024-10-04|Belgique|1000.0|3.3|3300|11088.0|3300.0|3.36|Poudre de dattes
Ccpb|2024-10-10|Italie|19012.8|2.93|55707.504|187177.21344|55707.504|3.36|Dattes dénoyautées
Ccpb|2024-10-16|Turquie|19800.0|2.96|58608|196922.88|58608.0|3.36|Dattes dénoyautées
Ccpb|2024-10-17|Allemagne|800.0|3.0|2400|8040.0|2400.0|3.35|Poudre de dattes
Ccpb|2024-10-18|Italie|5760.0|2.93|16876.8|56537.28|16876.8|3.35|Dattes dénoyautées
Ccpb|2024-10-22|Italie|14976.0|2.93|43879.68|146996.928|43879.68|3.35|Dattes dénoyautées
Ccpb|2024-10-24|Allemagne|22000.0|2.4|52800|177408.0|52800.0|3.36|Poudre de dattes
Ccpb|2024-10-25|Italie|5184.0|3.03|15707.52|52620.192|15707.52|3.35|Dattes dénoyautées
Ccpb|2024-10-28|France|4000.0|2.4|9600|32160.0|9600.0|3.35|Poudre de dattes
Ccpb|2024-11-15|Italie|19017.6|2.93|55721.568|184995.60576|55721.568|3.32|Dattes dénoyautées
Ccpb|2024-11-20|France|5000.0|2.65|13250|43990.0|13250.0|3.32|Dattes Branchées
Ccpb|2024-11-20|France|5000.0|2.27|11350|37682.0|11350.0|3.32|Dattes Standards
Ccpb|2024-11-21|France|52.5|10.857|569.9925|1892.3751|569.9925|3.32|Barres de dattes au chocolat 35 g
Ccpb|2024-11-21|France|52.5|10.857|569.9925|1892.3751|569.9925|3.32|Barres de dattes Banane-Coco 35 g
Ccpb|2024-11-22|France|5600.0|2.45|13720|45138.8|13720.0|3.29|Dattes Branchées
Ccpb|2024-11-22|France|3000.0|1.8|5400|17766.0|5400.0|3.29|Dattes Standards
Ccpb|2024-11-22|Tchéquie|5000.0|2.0|10000|32900.0|10000.0|3.29|Dattes dénoyautées
Ccpb|2024-11-29|Pays-Bas|2000.0|2.7|5400|17874.0|5400.0|3.31|Dattes dénoyautées
Ccpb|2024-11-29|France|2500.0|4.46|11150|36906.5|11150.0|3.31|Dattes Branchées
Ccpb|2024-11-29|France|1552.0|4.81|7465.119999999999|24709.5472|7465.119999999999|3.31|Dattes dénoyautées
Ccpb|2024-11-29|France|600.0|4.9|2940|9731.4|2940.0|3.31|Pâte de dattes
Ccpb|2024-12-03|Slovaquie|4300.0|1.0|4300|14319.0|4300.0|3.33|Pâte de dattes
Ccpb|2024-12-03|Slovaquie|800.0|1.9|1520|5061.6|1520.0|3.33|Dattes dénoyautées
Ccpb|2024-12-06|France|5104.0|1.78|9085.12|30253.4496|9085.12|3.33|Pâte de dattes
Ccpb|2024-12-06|France|1300.0|3.0|3900|12987.0|3900.0|3.33|Poudre de dattes
Ccpb|2024-12-06|France|1300.0|3.1|4030|13419.9|4030.0|3.33|Dattes dénoyautées
Ccpb|2024-12-06|Belgique|3000.0|2.6|7800|25974.0|7800.0|3.33|Dattes dénoyautées
Ccpb|2024-12-06|Italie|19012.8|2.93|55707.504|184948.91328|55707.504|3.32|Dattes dénoyautées
Ccpb|2024-12-16|France|5568.0|3.2|17817.6|59154.43200000001|17817.6|3.32|Dattes Branchées
Ccpb|2024-12-16|France|7000.0|1.9|13300|44156.0|13300.0|3.32|Dattes Standards
Ccpb|2024-12-18|USA|18000.0|2.71|48780|161949.6|48780.0|3.32|Poudre de dattes
Ccpb|2024-12-19|France|7584.0|3.1|23510.4|77819.424|23510.4|3.31|Dattes Branchées
Ccpb|2024-12-19|France|3000.0|2.65|7950|26314.5|7950.0|3.31|Dattes Standards
Ccpb|2024-12-20|France|8190.0|2.6|21294|70696.08|21294.0|3.32|Dattes Branchées
Ccpb|2024-12-20|France|1000.0|2.2|2200|7304.0|2200.0|3.32|Dattes dénoyautées
Ccpb|2024-12-20|Pays-Bas|3000.0|2.7|8100.000000000001|26892.0|8100.000000000001|3.32|Dattes dénoyautées
Ccpb|2024-12-25|France|640.0|10.5|6720|22310.4|6720.0|3.32|Boules de dattes au chocolat
Ccpb|2024-12-20|France|4000.0|2.4|9600|31776.0|9600.0|3.31|Poudre de dattes
Ccpb|2024-12-27|Espagne|2970.0|2.95|8761.5|29088.18|8761.5|3.32|Dattes dénoyautées
Ccpb|2025-01-02|Italie|19012.8|2.93|55707.504|184391.83824|55707.504|3.31|Dattes dénoyautées
Ccpb|2025-01-03|Turquie|19800.0|3.05|60390|199890.9|60390.0|3.31|Dattes dénoyautées
Ccpb|2025-01-03|Pays-Bas|11000.0|2.7|29700|98604.0|29700.0|3.32|Dattes dénoyautées
Ccpb|2025-01-08|USA|17460.0|3.49|60935.4|202305.528|60935.4|3.32|Dattes dénoyautées
Ccpb|2025-01-10|Belgique|4000.0|3.25|13000|43160.0|13000.0|3.32|Dattes dénoyautées
Ccpb|2025-01-13|Allemagne|22000.0|2.4|52800|174768.0|52800.0|3.31|Poudre de dattes
Ccpb|2025-01-15|France|2346.0|3.16|7413.360000000001|24538.2216|7413.36|3.31|Dattes Standards
Ccpb|2025-01-15|France|2880.0|3.0|8640|28598.4|8640.0|3.31|Dattes Branchées
Ccpb|2025-01-15|USA|17460.0|3.49|60935.4|201696.174|60935.4|3.31|Dattes dénoyautées
Ccpb|2025-01-16|Italie|19008.0|2.93|55693.44|184345.2864|55693.44|3.31|Dattes dénoyautées
Ccpb|2025-01-16|Turquie|19800.0|3.05|60390|199890.9|60390.0|3.31|Dattes dénoyautées
Ccpb|2025-01-20|Turquie|15000.0|2.8|42000|139020.0|42000.0|3.31|Dattes dénoyautées
Ccpb|2025-01-13|Allemagne|1600.0|3.5|5600|18536.0|5600.0|3.31|Poudre de dattes
Ccpb|2025-01-13|Allemagne|1000.0|2.25|2250|7447.5|2250.0|3.31|Pâte de dattes
Ccpb|2025-01-13|Allemagne|500.0|3.0|1500|4965.0|1500.0|3.31|Sirop de dattes
Ccpb|2025-01-13|Bretagne|4000.0|2.8|11200|37072.0|11200.0|3.31|Poudre de dattes
Ccpb|2025-01-22|France|2000.0|2.7|5400|17874.0|5400.0|3.31|Dattes Branchées
Ccpb|2025-01-22|France|8000.0|2.3|18400|60904.0|18400.0|3.31|Dattes Standards
Ccpb|2025-01-23|Allemagne|21072.0|2.86|60265.92|200082.8544|60265.92|3.32|Dattes dénoyautées
Ccpb|2025-01-24|Pays-Bas|5000.0|2.7|13500|44820.0|13500.0|3.32|Dattes dénoyautées
Ccpb|2025-01-24|Finlande|8000.0|2.5|20000|66000.0|20000.0|3.3|Dattes dénoyautées
Ccpb|2025-01-27|France|525.0|3.55|1863.75|6187.65|1863.75|3.32|Dattes dénoyautées
Ccpb|2025-01-27|France|2400.0|1.0|2400|7968.0|2400.0|3.32|Pâte de dattes
Ccpb|2025-01-28|Italie|19012.8|2.93|55707.504|184948.9|55707.5|3.32|Dattes dénoyautées
Ccpb|2025-01-28|Allemagne|12000.0|2.62|31440|104380.8|31440.0|3.32|Poudre de dattes
Ccpb|2025-01-28|Allemagne|10400.0|2.6|27040|89772.8|27040.0|3.32|Poudre de dattes
Ccpb|2025-01-28|Allemagne|1050.0|1.95|2047.5|6797.7|2047.5|3.32|Pâte de dattes
Ccpb|2025-01-31|France|15000.0|2.48|37200|123504.0|37200.0|3.32|Dattes dénoyautées
Ccpb|2025-01-31|France|5000.0|1.7|8500|28220.0|8500.0|3.32|Dattes Standards
Ccpb|2025-01-31|Belgique|2000.0|1.25|2500|8300.0|2500.0|3.32|Pâte de dattes
Ccpb|2025-02-03|Allemagne|20000.0|2.3|46000|153180.0|46000.0|3.33|Poudre de dattes
Ccpb|2025-02-06|Italie|19012.8|2.93|55707.504|183834.7632|55707.504|3.3|Dattes dénoyautées
Ccpb|2025-02-07|Allemagne|20000.0|1.33|26600|87780.0|26600.0|3.3|Pâte de dattes
Ccpb|2025-02-07|Pays-Bas|3000.0|2.7|8100.000000000001|26730.0|8100.000000000001|3.3|Dattes dénoyautées
Ccpb|2025-02-07|France|87.5|10.857142857142858|950|3135.0|950.0|3.3|Barres de dattes au chocolat 35 g
Ccpb|2025-02-07|France|70.0|10.857142857142858|760|2508.0|760.0|3.3|Barres de dattes Banane-Coco 35 g
Ccpb|2025-02-18|Turquie|50000.0|2.11|105500|349205.0|105500.0|3.31|Dattes dénoyautées
Ccpb|2025-02-18|Turquie|50000.0|2.06|103000|340930.0|103000.0|3.31|Dattes dénoyautées
Ccpb|2025-02-07|Espagne|4950.0|2.95|14602.5|48188.25|14602.5|3.3|Dattes dénoyautées
Ccpb|2025-02-12|Allemagne|5292.0|2.6|13759.2|45542.952|13759.2|3.31|Dattes dénoyautées
Ccpb|2025-02-13|Slovaquie|4000.0|0.8|3200|10624.0|3200.0|3.32|Pâte de dattes
Ccpb|2025-02-13|Slovaquie|800.0|1.9|1520|5046.4|1520.0|3.32|Dattes dénoyautées
Ccpb|2025-02-13|Slovaquie|1600.0|2.5|4000|13280.0|4000.0|3.32|Poudre de dattes
Ccpb|2025-02-14|Pays-Bas|4000.0|2.7|10800|35640.0|10800.0|3.3|Dattes dénoyautées
Ccpb|2025-02-14|France|3000.0|2.2|6600.000000000001|21780.0|6600.000000000001|3.3|Dattes dénoyautées
Ccpb|2025-02-14|France|3280.0|1.0|3280|10824.0|3280.0|3.3|Pâte de dattes
Ccpb|2025-02-14|France|19012.8|2.93|55707.504|184391.83824|55707.504|3.31|Dattes dénoyautées
Ccpb|2025-02-17|France|500.0|3.0|1500|5010.0|1500.0|3.34|Dattes découpées
Ccpb|2025-02-17|France|1300.0|3.1|4030|13339.3|4030.0|3.31|Dattes dénoyautées
Ccpb|2025-02-17|France|6004.0|1.725|10356.9|34281.339|10356.9|3.31|Pâte de dattes
Ccpb|2025-02-17|France|4700.0|3.0|14100|46671.0|14100.0|3.31|Poudre de dattes
Ccpb|2025-02-25|Italie|19012.8|2.93|55707.504|184391.83824|55707.504|3.31|Dattes dénoyautées
Ccpb|2025-02-21|Pays-Bas|3000.0|2.7|8100.000000000001|26730.0|8100.000000000001|3.3|Dattes dénoyautées
Ccpb|2025-02-21|France|8190.0|2.5|20475|67772.25|20475.0|3.31|Dattes Branchées
Ccpb|2025-02-25|Italie|19012.8|2.93|55707.504|184391.83824|55707.504|3.31|Dattes dénoyautées
Ccpb|2025-02-25|Allemagne|22000.0|2.4|52800|174768.0|52800.0|3.31|Poudre de dattes
Ccpb|2025-02-26|USA|17460.0|3.37|58840.2|195349.464|58840.2|3.32|Dattes dénoyautées
Ccpb|2025-02-28|Turquie|19800.0|2.95|58410|193337.1|58410.0|3.31|Dattes dénoyautées
Ccpb|2025-02-28|Espagne|4950.0|2.95|14602.5|48334.275|14602.5|3.31|Dattes dénoyautées
Ccpb|2025-03-07|Allemagne|4000.0|3.05|12200|40382.0|12200.0|3.31|Dattes dénoyautées
Ccpb|2025-03-07|USA|17460.0|3.29|57443.4|191286.522|57443.4|3.33|Dattes dénoyautées
Ccpb|2025-03-10|Allemagne|15000.0|2.75|41250|136537.5|41250.0|3.31|Dattes découpées
Ccpb|2025-03-11|Italie|13828.8|2.93|40518.384|135331.40256|40518.384|3.34|Dattes dénoyautées
Ccpb|2025-03-10|Pays-Bas|5000.0|2.7|13500|45090.0|13500.0|3.34|Dattes dénoyautées
Ccpb|2025-03-12|USA|19200.0|2.56|49152|164167.68|49152.0|3.34|Poudre de dattes
Ccpb|2025-03-14|Belgique|4000.0|1.25|5000|16750.0|5000.0|3.35|Pâte de dattes
Ccpb|2025-03-14|France|5000.0|2.2|11000|36850.0|11000.0|3.35|Dattes dénoyautées
Ccpb|2025-03-14|France|3006.0|1.0|3006|10070.1|3006.0|3.35|Pâte de dattes
Ccpb|2025-03-14|Lettonie|8000.0|2.9|23200|76792.0|23200.0|3.31|Dattes dénoyautées
Ccpb|2025-03-14|Pays-Bas|19800.0|3.17|62766|207755.46|62766.0|3.31|Dattes dénoyautées
Ccpb|2025-03-17|Allemagne|5292.0|2.6|13759.2|46093.32000000001|13759.2|3.35|Dattes dénoyautées
Ccpb|2025-03-18|USA|17460.0|3.25|56745|190095.75|56745.0|3.35|Dattes dénoyautées
Ccpb|2025-03-18|Belgique|5000.0|3.3|16500|55440.0|16500.0|3.36|Poudre de dattes
Ccpb|2025-03-24|Turquie|19800.0|3.15|62370|208939.5|62370.0|3.35|Dattes dénoyautées
Ccpb|2025-03-24|Allemagne|20000.0|2.3|1|154284.0|46000.0|3.354|Poudre de dattes
Ccpb|2025-03-21|Pays-Bas|4000.0|2.7|10800|36288.0|10800.0|3.36|Dattes dénoyautées
Ccpb|2025-03-28|Pays-Bas|7000.0|2.7|18900|63126.0|18900.0|3.34|Dattes dénoyautées
Ccpb|2025-04-03|France|660.0|11.8|7788.000000000001|26011.92|7788.000000000001|3.34|Boules de dattes au chocolat
Ccpb|2025-04-04|France|4400.0|1.05|4620|15430.8|4620.0|3.34|Pâte de dattes
Ccpb|2025-04-04|France|4746.0|3.15|14949.9|49932.666|14949.9|3.34|Dattes Standards
Ccpb|2025-04-04|Allemagne|20800.0|2.6|54080|181168.0|54080.0|3.35|Poudre de dattes
Ccpb|2025-04-04|Allemagne|3200.0|2.75|8800|29480.0|8800.0|3.35|Poudre de dattes
Ccpb|2025-04-04|Allemagne|20000.0|2.3|46000|154560.0|46000.0|3.36|Poudre de dattes
Ccpb|2025-04-08|USA|17460.0|3.198|55837.08|186495.8472|55837.08|3.34|Dattes dénoyautées
Ccpb|2025-04-10|Turquie|50000.0|1.8442|92210|309825.6|92210.0|3.36|Dattes dénoyautées
Ccpb|2025-04-10|France|4000.0|2.4|9600|32256.0|9600.0|3.36|Poudre de dattes
Ccpb|2025-04-11|Pays-Bas|3000.0|2.7|8100.000000000001|27297.0|8100.0|3.37|Dattes dénoyautées
Ccpb|2025-04-11|France|125.0|2.92|365|1222.75|365.0|3.35|Coeur de dattes
Ccpb|2024-04-11|Allemagne|22000.0|2.4|52800|177408.0|52800.0|3.36|Poudre de dattes
Ccpb|2024-04-15|France|7000.0|1.5|10500|35595.0|10500.0|3.39|Dattes dénoyautées
Ccpb|2025-04-15|France|10500.0|2.48|26040|87494.4|26040.0|3.36|Dattes dénoyautées
Ccpb|2025-04-17|Italie|4032.0|2.93|11813.76|40048.64640000001|11813.76|3.39|Dattes dénoyautées
Ccpb|2025-04-17|Italie|14980.8|2.93|43893.744|148799.79216|43893.744|3.39|Dattes dénoyautées
Ccpb|2025-04-17|France|800.0|2.65|2120|7186.8|2120.0|3.39|Dattes Standards
Ccpb|2025-04-17|France|1123.2|3.573|4013.1936|13604.726304|4013.1936|3.39|Dattes dénoyautées
Ccpb|2025-04-18|Turquie|25000.0|1.935|48375|163991.25|48375.0|3.39|Dattes dénoyautées
Ccpb|2025-04-18|USA|17460.0|3.24265|56616.66899999999|190798.17453|56616.66899999999|3.37|Dattes dénoyautées
Ccpb|2025-04-18|Belgique|5000.0|1.25|6250|21187.5|6250.0|3.39|Pâte de dattes
Ccpb|2025-04-21|Turquie|19800.0|2.839|56212.2|189435.114|56212.2|3.37|Dattes dénoyautées
Ccpb|2025-04-22|France|87.5|12.285714285714286|1075|3655.0|1075.0|3.4|Barres de dattes au chocolat 35 g
Ccpb|2025-04-22|France|87.5|12.285714285714286|1075|3655.0|1075.0|3.4|Barres de dattes Banane-Coco 35 g
Ccpb|2025-04-24|Allemagne|4368.0|2.88|12579.84|42771.456|12579.84|3.4|Dattes dénoyautées
Ccpb|2025-04-29|Belgique|48000.0|0.8|38400|130560.0|38400.0|3.4|dattes industrirlle
Ccpb|2025-05-02|Pays-Bas|3000.0|2.7|8100.000000000001|129408.0|38400.0|3.37|Dattes dénoyautées
Ccpb|2025-05-06|CANADA|4000.0|3.73|14920|27216.0|8100.000000000001|3.36|Poudre de dattes
Ccpb|2025-05-06|CANADA|200.0|6.58|1316|4421.76|1316.0|3.36|Poudre de dattes
Ccpb|2025-05-05|France|6000.0|1.6|9600|32640.0|9600.0|3.4|Pâte de dattes
Ccpb|2025-05-05|Allemagne|19800.0|3.2|63360|213523.2|63360.0|3.37|Dattes dénoyautées
Ccpb|2025-05-06|Espagne|1920.0|2.0|3840|13056.0|3840.0|3.4|Pâte de dattes
Ccpb|2025-05-13|Bretagne|4000.0|2.8|11200|37856.0|11200.0|3.38|Poudre de dattes
Ccpb|2025-05-13|USA|19200.0|2.46|44196.96|148943.7552|44196.96|3.37|Poudre de dattes
Ccpb|2025-05-14|Slovaquie|6550.0|0.88|5764|19597.6|5764.0|3.4|Pâte de dattes
Ccpb|2025-05-14|Slovaquie|800.0|1.9|1520|5168.0|1520.0|3.4|Dattes dénoyautées
Ccpb|2025-05-14|Slovaquie|2400.0|2.15|5160|17544.0|5160.0|3.4|Poudre de dattes
Ccpb|2025-05-15|Allemagne|22000.0|2.4|52800|176880.0|52800.0|3.35|Poudre de dattes
Ccpb|2025-05-20|France|12096.0|0.5283|6390.3168|21471.464448|6390.3168|3.36|Pâte de dattes
Ccpb|2025-05-22|Espagne|5940.0|2.95|17523|58877.28|17523.0|3.36|Dattes dénoyautées
Ccpb|2025-05-22|Espagne|1920.0|2.0|3840|12902.4|3840.0|3.36|Pâte de dattes
Ccpb|2025-05-23|Turquie|25000.0|1.8539|46347.5|155727.6|46347.5|3.36|Dattes dénoyautées
Ccpb|2025-05-27|Allemagne|5292.0|2.6|13759.2|46230.912|13759.2|3.36|Dattes dénoyautées
Ccpb|2025-05-30|Italie|19012.8|2.93|55707.504|187177.21344|55707.504|3.36|Dattes dénoyautées
Ccpb|2025-05-30|Allemagne|19296.0|2.45|47275.2|158844.672|47275.2|3.36|Dattes dénoyautées
Ccpb|2025-06-03|Allemagne|22000.0|2.4|52800|177936.0|52800.0|3.37|Poudre de dattes
Ccpb|2025-06-04|Pays-Bas|9600.0|2.65|25440|85478.4|25440.0|3.36|Poudre de dattes
Ccpb|2025-06-04|Allemagne|109.2|6.9230769230769225|756|2540.16|756.0|3.36|Sirop de dattes
Ccpb|2025-06-04|Allemagne|109.2|6.9230769230769225|756|2540.16|756.0|3.36|Confiture de dattes
Ccpb|2025-06-04|Allemagne|1610.0|1.6012422360248446|2578|8662.08|2578.0|3.36|Pâte de dattes
Ccpb|2025-06-04|Allemagne|3600.0|1.8055555555555556|6500|21840.0|6500.0|3.36|Dattes découpées
Ccpb|2025-06-04|Allemagne|2900.0|2.4827586206896552|7200|24192.0|7200.0|3.36|Poudre de dattes
Ccpb|2025-06-04|Allemagne|50.0|6.6|330|1108.8|330.0|3.36|Poudre de dattes
Ccpb|2025-06-04|Allemagne|50.0|3.0|150|504.0|150.0|3.36|Dattes dénoyautées
Ccpb|2025-06-10|USA|19584.0|2.12|41518.08|139500.7488|41518.08|3.36|Poudre de dattes
Ccpb|2025-06-11|MADAGASCAR|600.0|1.27|762|2560.32|762.0|3.36|Pâte de dattes
Ccpb|2025-06-20|Belgique|48000.0|0.8|38400|129024.0|38400.0|3.36|Dattes Standards
Ccpb|2025-06-13|Allemagne|19296.0|2.41|46503.36|156716.3232|46503.36|3.37|Dattes dénoyautées
Ccpb|2025-06-13|Allemagne|22000.0|3.1|68200|229152.0|68200.0|3.36|Dattes dénoyautées
Ccpb|2025-06-17|USA|17460.0|3.05|53253|179462.61|53253.0|3.37|Dattes dénoyautées
Ccpb|2025-06-19|France|70.0|12.285714285714286|860|2889.6|860.0|3.36|Barres de dattes au chocolat 35 g
Ccpb|2025-06-19|France|35.0|12.285714285714286|430|1444.8|430.0|3.36|Barres de dattes Banane-Coco 35 g
Ccpb|2025-06-19|France|370.0|11.8|4366|14757.08|4366.0|3.38|Boules de dattes au chocolat
Ccpb|2025-06-20|Belgique|24000.0|0.8|19200|64512.0|19200.0|3.36|Dattes Standards
Ccpb|2025-06-27|Allemagne|22000.0|2.5|55000|183700.0|55000.0|3.34|Dattes dénoyautées
Ccpb|2025-06-27|Allemagne|19296.0|2.41|46503.36|156251.2896|46503.36|3.36|Dattes dénoyautées
Ccpb|2025-06-27|Belgique|3000.0|3.25|9750|32662.5|9750.0|3.35|Dattes dénoyautées
Ccpb|2025-06-30|Italie|19012.8|2.845|54091.416|182288.07192|54091.416|3.37|Dattes dénoyautées
Ccpb|2025-07-01|Allemagne|20000.0|2.3|46000|154560.0|46000.0|3.36|Poudre de dattes
Ccpb|2025-07-01|Espagne|5940.0|2.95|17523|58702.05|17523.0|3.35|Dattes dénoyautées
Ccpb|2025-07-02|USA|18000.0|2.8|50400|141402.24|42336.0|3.34|Poudre de dattes
Ccpb|2025-07-11|Espagne|4800.0|2.0|9600|32160.0|9600.0|3.35|Pâte de dattes
Ccpb|2025-07-16|Allemagne|22000.0|2.8|61599.99999999999|206976.0|61599.99999999999|3.36|Poudre de dattes
Ccpb|2025-07-18|Allemagne|20000.0|1.0|20000|67200.0|20000.0|3.36|Pâte de dattes
Ccpb|2025-07-22|Turquie|19800.0|3.15|62370|177598.575|53014.5|3.35|Dattes dénoyautées
Ccpb|2025-07-29|USA|17460.0|3.092|53986.32|180314.3088|53986.32|3.34|Dattes dénoyautées
Ccpb|2025-07-31|Italie|19012.8|2.93|55707.504|185505.98832|55707.504|3.33|Dattes dénoyautées
Ccpb|2025-08-01|Allemagne|18090.0|2.41|43596.9|146049.615|43596.9|3.35|Dattes dénoyautées
Ccpb|2025-08-05|Espagne|1920.0|2.0|3840|12748.8|3840.0|3.32|Pâte de dattes
Ccpb|2025-08-04|Allemagne|3200.0|2.75|8800|29392.0|8800.0|3.34|Poudre de dattes
Ccpb|2025-08-04|Allemagne|7350.0|1.7|12495|41733.3|12495.0|3.34|Pâte de dattes
Ccpb|2025-08-04|Allemagne|22000.0|2.0|44000|147400.0|44000.0|3.35|Poudre de dattes
Ccpb|2025-08-08|Allemagne|22000.0|2.8|61599.99999999999|205744.0|61599.99999999999|3.34|Poudre de dattes
Ccpb|2025-08-12|Allemagne|18000.0|2.05|36900|123615.0|36900.0|3.35|Pâte de dattes
Ccpb|2025-08-15|Bretagne|4000.0|2.8|11200|37408.0|11200.0|3.34|Poudre de dattes
Ccpb|2025-08-21|France|460.0|11.8|5428|18183.8|5428.0|3.35|Boules de dattes au chocolat
Ccpb|2025-08-21|France|140.0|12.285714285714286|1720|5762.0|1720.0|3.35|Barres de dattes au chocolat 35 g
Ccpb|2025-08-21|France|70.0|12.285714285714286|860|2881.0|860.0|3.35|Barres de dattes Banane-Coco 35 g
Ccpb|2025-08-22|Italie|13828.8|2.93|40518.384|135736.5864|40518.384|3.35|Dattes dénoyautées
Ccpb|2025-09-02|Slovaquie|5750.0|0.825|4743.75|15891.5625|4743.75|3.35|Pâte de dattes
Ccpb|2025-09-02|Slovaquie|4000.0|2.15|8600|28810.0|8600.0|3.35|Poudre de dattes
Ccpb|2025-09-05|Espagne|6720.0|2.0|13440|45696.0|13440.0|3.4|Pâte de dattes
Ccpb|2025-09-10|Italie|8644.8|2.93|25329.264|86119.49759999999|25329.264|3.4|Dattes dénoyautées
Ccpb|2025-09-10|Allemagne|18090.0|2.41|43596.9|148665.429|43596.9|3.41|Dattes dénoyautées
Ccpb|2025-09-15|France|2940.0|1.25|3675|12495.0|3675.0|3.4|Pâte de dattes
Ccpb|2025-09-15|Belgique|3060.0|1.25|3825|13005.0|3825.0|3.4|Pâte de dattes
Ccpb|2025-09-18|USA|18000.0|2.37|42660|145044.0|42660.0|3.4|Poudre de dattes
Ccpb|2025-09-19|Allemagne|3200.0|1.4|4480|15232.0|4480.0|3.4|Pâte de dattes
Ccpb|2025-09-19|Allemagne|8160.0|2.3|18768|63811.2|18768.0|3.4|Dattes découpées
Ccpb|2025-09-19|Allemagne|4800.0|2.65|12720|43248.0|12720.0|3.4|Poudre de dattes
kiwa|2024-10-03|pays bas|21760.0||54 400|183328.0|54400.0|3.37|dattes standard
kiwa|2024-10-05|pays bas|20000.0|3.5|70 000.00|235200.0|70000.0|3.36|poudre de dattes
kiwa|2024-10-10|Belgique|21600.0||16 200|54432.0|16200.0|3.36|dattes standard
kiwa|2024-10-11|pays bas|21600.0||52 245|175020.75|52245.0|3.35|dattes standard
kiwa|2024-10-19|espagne|9000.0|1.39|12 510.00|41783.4|12510.0|3.34|pate de datte
kiwa|2024-10-23|pays bas|21600.0||51 408|171702.72|51408.0|3.34|dattes standard
kiwa|2024-10-25|pays bas|21760.0||54 400|181696.0|54400.0|3.34|dattes standard
kiwa|2024-10-27|espagne|13000.0|1.39|18 070.00|60534.5|18070.0|3.35|pate de datte
kiwa|2024-10-28|allemagne|18480.0||56 040|187734.0|56040.0|3.35|dattes standard
kiwa|2024-11-04|allemagne|21600.0|0.66|14256|47757.6|14256.0|3.35|dattes standard
kiwa|2024-11-07|pays bas|21615.0|2.7093684941013185|58563|195014.79|58563.0|3.33|dattes standard
kiwa|2024-11-08|pays bas|21760.0|2.95|64192|213759.36|64192.0|3.33|dattes standard
kiwa|2024-11-08|Suisse|19545.0|3.9187515988743926|76592|255051.36|76592.0|3.33|dattes standard
kiwa|2024-11-11|USA|9400.0|1.0|8836|29423.88|8836.0|3.33|poudre de dattes
kiwa|2024-11-11|USA|453.6|1.0|426.384|1419.85872|426.384|3.33|poudre de dattes
kiwa|2024-11-11|allemagne|17496.0|3.0617283950617282|53568|178381.44|53568.0|3.33|dattes standard
kiwa|2024-11-14|allemagne|12675.0|3.9115581854043393|49579|164106.49|49579.0|3.31|dattes standard
kiwa|2024-11-16|Suisse|21600.0|2.9|62640|207964.8|62640.0|3.32|dattes standard
kiwa|2024-11-19|allemagne|6650.0|3.308270676691729|22000|72820.0|22000.0|3.31|dattes standard
kiwa|2024-11-21|Suisse|19545.0|3.9187515988743926|76592|251987.68|76592.0|3.29|dattes standard
kiwa|2024-11-23|allemagne|7175.0|3.1205574912891985|22390|73663.1|22390.0|3.29|dattes standard
kiwa|2024-11-23|Turkia|22000.0|1.85|40700|133903.0|40700.0|3.29|dattes standard
kiwa|2024-11-23|Suisse|10260.0|3.892105263157895|39933|131379.57|39933.0|3.29|dattes standard
kiwa|2024-11-28|allemagne|21760.0|2.5|54400|180608.0|54400.0|3.32|dattes standard
kiwa|2024-12-02|allemagne|4800.0|3.3875|16260|53820.6|16260.0|3.31|dattes standard
kiwa|2024-12-02|pays bas|21600.0|2.301574074074074|49714|164553.34|49714.0|3.31|dattes standard
kiwa|2024-12-07|pays bas|21600.0|2.4625|53190|176058.9|53190.0|3.31|dattes standard
kiwa|2024-12-10|allemagne|15000.0|2.98|44700|148404.0|44700.0|3.32|poudre de dattes
kiwa|2024-12-11|Bulgarie|22000.0|3.32|33000|109230.0|33000.0|3.31|pate de datte
kiwa|2024-12-11|Bulgarie|5096.0|3.32|13759|45542.29|13759.0|3.31|dattes dénoyautées
kiwa|2024-12-12|allemagne|20000.0|1.5|30000|99000.0|30000.0|3.3|pate de datte
kiwa|2024-12-12|pays bas|21760.0|2.5|54400|179520.0|54400.0|3.3|dattes standard
kiwa|2024-12-12|Belgique|21600.0|0.75|16200|53460.0|16200.0|3.3|dattes standard
kiwa|2024-12-12|Belgique|21600.0|0.75|16200|53460.0|16200.0|3.3|dattes standard
kiwa|2024-12-12|allemagne|3640.0|2.373076923076923|8638|28505.4|8638.0|3.3|dattes standard
kiwa|2024-12-16|allemagne|3288.0|3.5|11508|38091.48|11508.0|3.31|dattes standard
kiwa|2024-12-21|allemagne|20000.0|1.5|30000|99000.0|30000.0|3.3|pate de datte
kiwa|2024-12-28|pays bas|21600.0|2.5185185185185186|54400|179520.0|54400.0|3.3|dattes standard
kiwa|2025-01-02|italie|15000.0|3.33|23250|76887.75|23250.0|3.307|pate de datte
kiwa|2025-01-09|espagne|20000.0|3.32|34000|112506.0|34000.0|3.309|pate de datte
kiwa|2025-01-09|allemagne|10500.0|3.0|31500|104233.5|31500.0|3.309|dattes standard
kiwa|2025-01-10|allemagne|21600.0|0.73|15768|52144.776|15768.0|3.307|dattes standard
kiwa|2025-01-11|allemagne|10300.0|2.95873786407767|30475|100415.125|30475.0|3.295|dattes standard
kiwa|2025-01-14|allemagne|10760.0|2.594981412639405|27922|92198.444|27922.0|3.302|dattes standard
kiwa|2025-01-15|USA|2040.0|2.5647058823529414|5232|17323.152|5232.0|3.311|dattes dénoyautées
kiwa|2025-01-15|USA|4800.0|2.17|10416|34487.376|10416.0|3.311|pate de datte
kiwa|2025-01-15|pays bas|8000.0|3.3|12800|42380.8|12800.0|3.311|pate de datte
kiwa|2025-01-15|pays bas|4000.0|3.3|9600|31785.6|9600.0|3.311|pate de datte
kiwa|2025-01-15|pays bas|5000.0|3.3|17500|57942.5|17500.0|3.311|poudre de dattes
kiwa|2025-01-15|pays bas|2808.0|3.3|8143.2|26962.1352|8143.2|3.311|dattes dénoyautées
kiwa|2025-01-18|allemagne|8088.0|3.2106824925816024|25968|85746.336|25968.0|3.302|dattes standard
kiwa|2025-01-22|USA|1600.0|21.25|34000|112982.0|34000.0|3.323|pate de datte
kiwa|2025-01-22|Turkia|22000.0|1.95|42900|142556.7|42900.0|3.323|dattes standard
kiwa|2025-01-23|Belgique|24000.0|0.675|16200|53784.0|16200.0|3.32|dattes standard
kiwa|2025-01-23|pays bas|21605.0|2.541587595464013|54911|182304.52|54911.0|3.32|dattes standard
kiwa|2025-01-27|allemagne|21760.0|2.85|62016|206885.376|62016.0|3.336|dattes standard
kiwa|2025-01-29|pays bas|21605.0|2.7315436241610738|59015|195988.815|59015.0|3.321|dattes standard
kiwa|2025-01-31|Belgique|24000.0|0.675|16200|53670.60000000001|16200.0|3.313|dattes standard
kiwa|2025-01-31|pays bas|5000.0|1.5|7500|24847.5|7500.0|3.313|pate de datte
kiwa|2025-01-31|pays bas|5000.0|1.5|7500|24847.5|7500.0|3.313|pate de datte
kiwa|2025-02-04|allemagne|9800.0|3.0|29400|97372.79999999999|29400.0|3.312|dattes standard
kiwa|2025-02-05|espagne|20000.0|3.31|34000|112744.0|34000.0|3.316|pate de datte
kiwa|2025-02-05|allemagne|21760.0|2.85|62016|205645.056|62016.0|3.316|dattes standard
kiwa|2025-02-08|allemagne|10500.0|3.0|31500|104359.5|31500.0|3.313|dattes standard
kiwa|2025-02-11|Bulgarie|12000.0|3.32|13200|43586.40000000001|13200.0|3.302|pate de datte
kiwa|2025-02-11|allemagne|21600.0|0.73|15768|52065.936|15768.0|3.302|dattes standard
kiwa|2025-02-13|Belgique|23600.0|0.75|17700|58604.7|17700.0|3.311|dattes standard
kiwa|2025-02-18|allemagne|23350.0|2.65593147751606|62016|205334.976|62016.0|3.311|dattes standard
kiwa|2025-02-20|allemagne|6860.0|1.9295918367346938|13237|43801.233|13237.0|3.309|dattes standard
kiwa|2025-02-24|allemagne|10900.0|3.110091743119266|33900|112276.8|33900.0|3.312|dattes standard
kiwa|2025-02-25|Belgique|23600.0|0.75|17700|58657.8|17700.0|3.314|dattes standard
kiwa|2025-02-27|allemagne|18150.0|3.2|58080|192477.12|58080.0|3.314|dattes standard
kiwa|2025-02-28|Turkia|22000.0|1.95|42900|141655.8|42900.0|3.302|dattes standard
kiwa|2025-02-28|pays bas|21600.0|2.6|56160|185440.32|56160.0|3.302|dattes standard
kiwa|2025-03-01|allemagne|21760.0|2.85|62016|203660.544|62016.0|3.284|dattes standard
kiwa|2025-03-06|allemagne|20000.0|1.6|32000|107136.0|32000.0|3.348|pate de datte
kiwa|2025-03-07|pays bas|21600.0|2.5085069444444446|54183.75|180919.54125|54183.75|3.339|dattes standard
kiwa|2025-03-10|allemagne|17800.0|3.067415730337079|54600|183019.2|54600.0|3.352|dattes standard
kiwa|2025-03-10|allemagne|21600.0|0.73|15768|52854.336|15768.0|3.352|dattes standard
kiwa|2025-03-13|allemagne|4200.0|1.7|7140|23947.56|7140.0|3.354|dattes standard
kiwa|2025-03-13|pays bas|21600.0|2.582777777777778|55788|187112.952|55788.0|3.354|dattes standard
kiwa|2025-03-18|Bulgarie|22000.0|3.37|24200|81384.6|24200.0|3.363|pate de datte
kiwa|2025-03-18|allemagne|7996.0|3.226113056528264|25796|86751.948|25796.0|3.363|dattes standard
kiwa|2025-03-26|espagne|9000.0|3.37|15300|51255.0|15300.0|3.35|pate de datte
kiwa|2025-03-26|espagne|2000.0|3.37|6000|20100.0|6000.0|3.35|poudre de dattes
kiwa|2025-03-27|allemagne|9575.0|2.974934725848564|28485|95424.75|28485.0|3.35|dattes standard
kiwa|2025-04-04|allemagne|21760.0|2.85|62016|209614.08|62016.0|3.38|dattes standard
kiwa|2025-04-05|allemagne|3600.0|3.3|11880|40154.4|11880.0|3.38|dattes standard
kiwa|2025-04-10|allemagne|15300.0|3.1098039215686275|47580|160820.4|47580.0|3.38|dattes standard
kiwa|2025-04-15|Turkia|22000.0|1.95|42900|145431.0|42900.0|3.39|dattes standard
kiwa|2025-04-15|Belgique|23600.0|0.75|17700|60003.0|17700.0|3.39|dattes standard
kiwa|2025-04-17|allemagne|9800.0|3.0|29400|99666.0|29400.0|3.39|dattes standard
kiwa|2025-04-18|pays bas|4680.0|3.0|14040|47595.6|14040.0|3.39|dattes dénoyautées
kiwa|2025-04-18|pays bas|4680.0|3.0|14040|47595.6|14040.0|3.39|dattes dénoyautées
kiwa|2025-04-18|pays bas|4680.0|3.0|14040|47595.6|14040.0|3.39|dattes dénoyautées
kiwa|2025-04-18|pays bas|4680.0|3.0|14040|47595.6|14040.0|3.39|dattes dénoyautées
kiwa|2025-04-22|allemagne|21760.0|2.85|62016|210854.4|62016.0|3.4|dattes standard
kiwa|2025-04-23|Bulgarie|22000.0|3.39|33000|112200.0|33000.0|3.4|pate de datte
kiwa|2025-04-24|allemagne|21600.0|0.73|15768|53453.52|15768.0|3.39|dattes standard
kiwa|2025-04-26|allemagne|10000.0|2.98|29800|101320.0|29800.0|3.4|poudre de dattes
kiwa|2025-04-30|pays bas|20000.0|3.39|70000|236600.0|70000.0|3.38|poudre de dattes
kiwa|2025-05-01|allemagne|12750.0|2.771764705882353|35340|119095.8|35340.0|3.37|dattes standard
kiwa|2025-05-06|pays bas|21640.0|2.5038701478743066|54183.75|183141.075|54183.75|3.38|dattes standard
kiwa|2025-05-06|Belgique|23600.0|0.75|17700|59826.0|17700.0|3.38|dattes standard
kiwa|2025-05-12|allemagne|21760.0|0.95|20672|69664.64|20672.0|3.37|dattes standard
kiwa|2025-05-13|pérou|500.0|17.1|8550|28899.0|8550.0|3.38|poudre de dattes
kiwa|2025-05-14|espagne|18000.0|3.39|30600|103428.0|30600.0|3.38|pate de datte
kiwa|2025-05-15|Belgique|23600.0|0.75|17700|59826.0|17700.0|3.38|dattes standard
kiwa|2025-05-17|allemagne|21760.0|2.85|62016|208373.76|62016.0|3.36|dattes standard
kiwa|2025-05-17|Belgique|23600.0|0.75|17700|59472.0|17700.0|3.36|dattes standard
kiwa|2025-05-22|allemagne|14200.0|3.045774647887324|43250|146185.0|43250.0|3.38|dattes standard
kiwa|2025-05-24|allemagne|10000.0|2.98|29800|101022.0|29800.0|3.39|poudre de dattes
kiwa|2025-05-24|Turkia|22000.0|1.95|42900|145431.0|42900.0|3.39|dattes standard
kiwa|2025-05-25|pays bas|21620.0|2.954914431082331|63885.25|216570.9975|63885.25|3.39|dattes standard
kiwa|2025-05-29|allemagne|3860.0|1.9323834196891192|7459|25062.24|7459.0|3.36|dattes standard
kiwa|2025-05-30|Bulgarie|6552.0|3.38|19656|66437.28|19656.0|3.38|dattes dénoyautées
kiwa|2025-06-02|allemagne|21600.0|0.73|15768|53295.84|15768.0|3.38|dattes standard
kiwa|2025-06-11|Suisse|21600.0|3.1|66960|226324.8|66960.0|3.38|dattes standard
kiwa|2025-06-12|USA|100.0|22.39632|2239.632|6510.1622976|1926.08352|3.38|poudre de dattes
kiwa|2025-06-12|USA|1600.0|36.0|57600|167431.68|49536.0|3.38|pate de datte
kiwa|2025-06-13|Belgique|21600.0|0.75|16200|54756.0|16200.0|3.38|dattes standard
kiwa|2025-06-17|Belgique|21600.0|0.75|16200|54432.0|16200.0|3.36|dattes standard
kiwa|2025-06-17|allemagne|20000.0|0.0001|2|134400.0|40000.0|3.36|dattes dénoyautées
kiwa|2025-06-18|Turkia|22000.0|1.95|42900|144573.0|42900.0|3.37|dattes standard
kiwa|2025-06-19|allemagne|5740.0|2.3560975609756096|13524|45440.64|13524.0|3.36|dattes standard
kiwa|2025-06-23|pays bas|21600.0|2.6|56160|189820.8|56160.0|3.38|dattes standard
kiwa|2025-06-26|Belgique|21600.0|0.75|16200|54918.0|16200.0|3.39|dattes standard
kiwa|2025-06-27|pays bas|4680.0|3.0|14040|47455.2|14040.0|3.38|dattes dénoyautées
kiwa|2025-06-27|pays bas|4680.0|3.0|14040|47455.2|14040.0|3.38|dattes dénoyautées
kiwa|2025-06-27|pays bas|4680.0|3.0|14040|47455.2|14040.0|3.38|dattes dénoyautées
kiwa|2025-07-03|pays bas|21600.0|2.6|56160|190944.0|56160.0|3.4|dattes standard
kiwa|2025-07-04|Bulgarie|22000.0|3.39|33000|112200.0|33000.0|3.4|pate de datte
kiwa|2025-07-04|Belgique|21600.0|0.75|16200|55080.0|16200.0|3.4|dattes standard
kiwa|2025-07-11|Belgique|21600.0|0.75|16200|54918.0|16200.0|3.39|dattes standard
kiwa|2025-07-15|pays bas|21600.0|2.43625|52623|177339.51|52623.0|3.37|dattes standard
kiwa|2025-07-21|Belgique|21600.0|0.75|16200|54594.0|16200.0|3.37|dattes standard
kiwa|2025-07-24|Belgique|21600.0|0.75|16200|54594.0|16200.0|3.37|dattes standard
kiwa|2025-07-26|Suisse|21705.0|2.9618521078092606|64287|217290.06|64287.0|3.38|dattes standard
kiwa|2025-07-28|allemagne|1497.6|4.0|5990.4|20067.84|5990.4|3.35|dattes standard
kiwa|2025-07-31|USA|341.0|17.1|5831.1|16893.27981|5073.057000000001|3.33|poudre de dattes
kiwa|2025-07-31|USA|960.0|36.75|35280|117482.4|35280.0|3.33|pate de datte
kiwa|2025-08-02|pays bas|21600.0|2.4431018518518517|52771|176782.85|52771.0|3.35|dattes standard
kiwa|2025-08-02|Belgique|21600.0|0.75|16200|54270.0|16200.0|3.35|dattes standard
kiwa|2025-08-03|pays bas|4680.0|3.0|14040|47034.0|14040.0|3.35|dattes dénoyautées
kiwa|2025-08-03|pays bas|4680.0|3.0|14040|47034.0|14040.0|3.35|dattes dénoyautées
kiwa|2025-08-03|pays bas|4680.0|3.0|14040|47034.0|14040.0|3.35|dattes dénoyautées
kiwa|2025-08-03|pays bas|4680.0|3.0|14040|47034.0|14040.0|3.35|dattes dénoyautées
kiwa|2025-08-04|allemagne|20300.0|3.0|60900|204624.0|60900.0|3.36|dattes standard
kiwa|2025-08-07|Belgique|21600.0|0.75|16200|54432.0|16200.0|3.36|dattes standard
kiwa|2025-08-16|Belgique|21600.0|0.75|16200|54270.0|16200.0|3.35|dattes standard
kiwa|2025-08-18|allemagne|18000.0|3.2|57600|193536.0|57600.0|3.36|dattes standard
kiwa|2025-08-21|allemagne|9700.0|3.144845360824742|30505|102496.8|30505.0|3.36|dattes standard
kiwa|2025-08-25|Belgique|21600.0|0.75|16200|54432.0|16200.0|3.36|dattes standard
kiwa|2025-08-28|allemagne|2400.0|3.2|7680|25804.8|7680.0|3.36|dattes standard
kiwa|2025-09-01|Belgique|21600.0|0.75|16200|54432.0|16200.0|3.36|dattes standard
kiwa|2025-09-01|Belgique|21600.0|0.75|16200|54432.0|16200.0|3.36|dattes standard
kiwa|2025-09-02|pays bas|21600.0|2.45|52920|178340.4|52920.0|3.37|dattes standard
kiwa|2025-09-07|pays bas|20000.0|3.41|70000|238000.0|70000.0|3.4|poudre de dattes
kiwa|2025-09-09|allemagne|2100.0|2.15|4515|15351.0|4515.0|3.4|dattes standard
kiwa|2025-09-17|Belgique|21600.0|0.75|16200|55404.0|16200.0|3.42|dattes standard
kiwa|2025-09-18|pays bas|21600.0|2.45|52920|180457.2|52920.0|3.41|dattes standard
kiwa|2025-09-21|italie|15000.0|3.42|23250|79282.5|23250.0|3.41|pate de datte
kiwa|2025-09-30|Belgique|21600.0|0.75|16200|55242.0|16200.0|3.41|dattes standard
